"Time (s)","Gyroscope x (rad/s)","Gyroscope y (rad/s)","Gyroscope z (rad/s)","Absolute (rad/s)"
0.000000000E0,-1.032362925E-3,-1.179580484E-2,1.331683248E-3,1.191554301E-2
1.020700000E-2,-1.643228112E-3,-6.298017688E-3,7.208194584E-4,6.548649183E-3
2.010000000E-2,-1.643228112E-3,-8.002296090E-4,7.208194584E-4,1.964725616E-3
2.995100000E-2,-2.254093299E-3,7.141018286E-3,-5.009118468E-4,7.505064386E-3
3.994900000E-2,-1.032362925E-3,1.630399749E-2,-1.111777499E-3,1.637443607E-2
4.962100000E-2,-1.032362925E-3,2.607784048E-2,-2.944372594E-3,2.626383192E-2
5.966100000E-2,-1.032362925E-3,3.340822458E-2,-2.944372594E-3,3.355360745E-2
6.968700000E-2,-4.214975052E-4,3.829514608E-2,-3.555238247E-3,3.846213193E-2
7.957900000E-2,-4.214975052E-4,3.829514608E-2,-2.944372594E-3,3.841048299E-2
8.974500000E-2,-4.214975052E-4,3.462995589E-2,-3.555238247E-3,3.481452605E-2
9.958900000E-2,-4.214975052E-4,2.668870613E-2,-2.944372594E-3,2.685393872E-2
1.097040000E-1,-4.214975052E-4,1.691486314E-2,-1.111777499E-3,1.695660061E-2
1.198340000E-1,1.893676817E-4,5.919287913E-3,-1.722643152E-3,6.167765312E-3
1.297120000E-1,1.893676817E-4,-7.519747131E-3,-5.009118468E-4,7.538790998E-3
1.401900000E-1,1.893676817E-4,-1.973705366E-2,1.942548901E-3,1.983332155E-2
1.499510000E-1,8.002328686E-4,-2.828916535E-2,1.331683248E-3,2.833179537E-2
1.601710000E-1,1.893676817E-4,-3.256522119E-2,1.942548901E-3,3.262365687E-2
1.698210000E-1,1.411098172E-3,-3.623041138E-2,1.942548901E-3,3.630988024E-2
1.796170000E-1,1.411098172E-3,-4.417166114E-2,3.164280206E-3,4.430733026E-2
1.896450000E-1,1.411098172E-3,-5.150204152E-2,3.775143996E-3,5.165949275E-2
1.999180000E-1,1.411098172E-3,-5.761069804E-2,3.775143996E-3,5.775149729E-2
2.096540000E-1,1.893676817E-4,-6.433021277E-2,4.996875301E-3,6.452426596E-2
2.196420000E-1,-4.214975052E-4,-7.715838403E-2,6.218606606E-3,7.740972131E-2
2.297690000E-1,-4.214975052E-4,-8.021271229E-2,5.607740954E-3,8.040959912E-2
2.396510000E-1,-1.643228112E-3,-8.021271229E-2,6.829470396E-3,8.051969372E-2
2.497690000E-1,-1.032362925E-3,-7.410405576E-2,6.829470396E-3,7.442525458E-2
2.599580000E-1,-1.032362925E-3,-6.371934712E-2,4.996875301E-3,6.392331134E-2
2.697100000E-1,-4.214975052E-4,-5.089117959E-2,3.775143996E-3,5.103274961E-2
2.796880000E-1,1.893676817E-4,-3.378695250E-2,3.164280206E-3,3.393533097E-2
2.897270000E-1,1.893676817E-4,-2.034791559E-2,1.331683248E-3,2.039232476E-2
2.996820000E-1,-1.032362925E-3,-1.057407353E-2,1.331683248E-3,1.070748264E-2
3.098070000E-1,-1.032362925E-3,-3.854556009E-3,7.208194584E-4,4.054991483E-3
3.198660000E-1,1.893676817E-4,-8.002296090E-4,1.099538058E-4,8.296489531E-4
3.299520000E-1,-1.032362925E-3,2.254096791E-3,-5.009118468E-4,2.529355299E-3
3.399450000E-1,-1.032362925E-3,4.697557539E-3,7.208194584E-4,4.863373390E-3
3.496790000E-1,-1.643228112E-3,1.080620941E-2,-5.009118468E-4,1.094190445E-2
3.596640000E-1,-2.254093299E-3,1.935832202E-2,-1.111777499E-3,1.952079961E-2
3.698630000E-1,-1.643228112E-3,2.729957178E-2,-1.722643152E-3,2.740318079E-2
3.796810000E-1,-4.214975052E-4,3.279735893E-2,-2.333506942E-3,3.288296926E-2
3.897890000E-1,-1.643228112E-3,3.524081782E-2,-2.944372594E-3,3.540176223E-2
3.996370000E-1,-1.032362925E-3,3.462995589E-2,-2.944372594E-3,3.477023077E-2
4.097400000E-1,-4.214975052E-4,3.279735893E-2,-2.333506942E-3,3.288296926E-2
4.200020000E-1,-4.214975052E-4,2.974303067E-2,-2.944372594E-3,2.989138443E-2
4.299280000E-1,1.893676817E-4,2.852130309E-2,-2.944372594E-3,2.867350554E-2
4.397380000E-1,1.893676817E-4,2.424524538E-2,-1.722643152E-3,2.430710355E-2
4.496200000E-1,1.893676817E-4,1.752572693E-2,-1.722643152E-3,1.761120280E-2
4.597070000E-1,1.893676817E-4,8.362748660E-3,-1.722643152E-3,8.540428836E-3
4.697780000E-1,8.002328686E-4,-1.411095262E-3,-1.722643152E-3,2.366233697E-3
4.798450000E-1,-4.214975052E-4,-9.352344088E-3,1.099538058E-4,9.362483107E-3
4.897430000E-1,8.002328686E-4,-1.057407353E-2,1.099538058E-4,1.060488065E-2
5.002670000E-1,8.002328686E-4,-1.485013124E-2,-5.009118468E-4,1.488011032E-2
5.098360000E-1,2.021963475E-3,-2.156964689E-2,7.208194584E-4,2.167619856E-2
5.197140000E-1,1.411098172E-3,-2.645656839E-2,1.331683248E-3,2.652761937E-2
5.297320000E-1,1.411098172E-3,-3.134348989E-2,1.331683248E-3,3.140348606E-2
5.400020000E-1,8.002328686E-4,-3.684127703E-2,1.331683248E-3,3.687402129E-2
5.496710000E-1,8.002328686E-4,-4.050647095E-2,1.942548901E-3,4.056091786E-2
5.597590000E-1,-4.214975052E-4,-3.989560530E-2,3.164280206E-3,4.002311396E-2
5.698900000E-1,-4.214975052E-4,-3.439781815E-2,2.553414553E-3,3.449503558E-2
5.796440000E-1,-4.214975052E-4,-2.462397516E-2,1.942548901E-3,2.470407474E-2
5.898880000E-1,-1.643228112E-3,-1.301753428E-2,7.208194584E-4,1.314062320E-2
5.998230000E-1,-1.643228112E-3,-8.002296090E-4,1.099538058E-4,1.831025913E-3
6.101200000E-1,-1.643228112E-3,8.362748660E-3,1.099538058E-4,8.523371024E-3
6.200670000E-1,-2.254093299E-3,1.508226618E-2,1.099538058E-4,1.525017310E-2
6.296940000E-1,-2.864958486E-3,1.874745823E-2,-5.009118468E-4,1.897171816E-2
6.397890000E-1,-1.643228112E-3,2.668870613E-2,-1.722643152E-3,2.679467732E-2
6.498390000E-1,-1.643228112E-3,4.012774304E-2,-2.944372594E-3,4.026916053E-2
6.596770000E-1,-1.643228112E-3,5.601023883E-2,-4.166103899E-3,5.618899780E-2
6.698520000E-1,-1.643228112E-3,8.105571568E-2,-5.998698995E-3,8.129399506E-2
6.799950000E-1,-1.032362925E-3,8.533176780E-2,-5.998698995E-3,8.554858712E-2
6.896790000E-1,-1.032362925E-3,8.655349910E-2,-6.609564647E-3,8.681163704E-2
6.998930000E-1,-4.214975052E-4,8.716436476E-2,-6.609564647E-3,8.741561925E-2
7.106330000E-1,-1.032362925E-3,9.021869302E-2,-6.609564647E-3,9.046637324E-2
7.202320000E-1,-1.643228112E-3,9.571647644E-2,-6.609564647E-3,9.595848272E-2
7.297950000E-1,-1.032362925E-3,1.012142673E-1,-8.442159742E-3,1.015709788E-1
7.400470000E-1,-1.032362925E-3,1.061011925E-1,-8.442159742E-3,1.064415280E-1
7.498250000E-1,-1.032362925E-3,1.091555133E-1,-8.442159742E-3,1.094863550E-1
7.596860000E-1,-1.643228112E-3,1.140424386E-1,-9.053025395E-3,1.144130030E-1
7.698880000E-1,-4.214975052E-4,1.213728189E-1,-9.053025395E-3,1.217107066E-1
7.797200000E-1,1.893676817E-4,1.293140650E-1,-1.027475577E-2,1.297217556E-1
7.897160000E-1,2.021963475E-3,1.329792589E-1,-1.088562142E-2,1.334393809E-1
8.001070000E-1,1.411098172E-3,1.287032068E-1,-1.027475577E-2,1.291203982E-1
8.099370000E-1,1.411098172E-3,1.152641699E-1,-9.053025395E-3,1.156277533E-1
8.199630000E-1,1.411098172E-3,9.021869302E-2,-7.831295021E-3,9.056894031E-2
8.297070000E-1,1.411098172E-3,5.234504864E-2,-4.166103899E-3,5.252953204E-2
8.398750000E-1,1.893676817E-4,9.584479034E-3,-1.722643152E-3,9.739897222E-3
8.499060000E-1,1.893676817E-4,-3.317608684E-2,7.208194584E-4,3.318445689E-2
8.600310000E-1,1.411098172E-3,-7.349319011E-2,4.386009648E-3,7.363747192E-2
8.699380000E-1,1.411098172E-3,-1.101451069E-1,7.440336049E-3,1.104051374E-1
8.796550000E-1,8.002328686E-4,-1.358014494E-1,9.883796796E-3,1.361630033E-1
8.896210000E-1,2.021963475E-3,-1.510730833E-1,9.883796796E-3,1.514095580E-1
8.998900000E-1,3.854559269E-3,-1.584034562E-1,1.110552810E-2,1.588390548E-1
9.097390000E-1,3.854559269E-3,-1.632903814E-1,1.049466245E-2,1.636726741E-1
9.197110000E-1,3.854559269E-3,-1.693990380E-1,1.171639189E-2,1.698474772E-1
9.299220000E-1,8.002328686E-4,-1.736750901E-1,1.354898885E-2,1.742046279E-1
9.396820000E-1,-1.643228112E-3,-1.718425006E-1,1.477072015E-2,1.724839685E-1
9.497780000E-1,-1.032362925E-3,-1.620686501E-1,1.232725754E-2,1.625400702E-1
9.597570000E-1,-1.032362925E-3,-1.516839415E-1,1.293812320E-2,1.522382308E-1
9.697590000E-1,-1.643228112E-3,-1.492404789E-1,1.171639189E-2,1.497086991E-1
9.797130000E-1,-4.086689092E-3,-1.614577919E-1,1.293812320E-2,1.620268948E-1
9.898000000E-1,-7.141015492E-3,-1.883358657E-1,1.660331339E-2,1.892011164E-1
1.000044000E0,-7.751881145E-3,-2.268203646E-1,1.904677600E-2,2.277506293E-1
1.010177000E0,-4.214975052E-4,-2.598071098E-1,1.904677600E-2,2.605046864E-1
1.020451000E0,4.465424456E-3,-2.854634523E-1,2.026850730E-2,2.862169370E-1
1.029809000E0,5.687154830E-3,-3.123415112E-1,2.210110053E-2,3.131741082E-1
1.040114000E0,1.362840272E-2,-3.392196000E-1,2.149023861E-2,3.401727513E-1
1.050061000E0,8.741481230E-3,-3.758715093E-1,2.454456314E-2,3.767734606E-1
1.059745000E0,4.465424456E-3,-4.235189855E-1,3.004235029E-2,4.246066579E-1
1.070020000E0,5.687154830E-3,-4.742208123E-1,3.370754048E-2,4.754512813E-1
1.079695000E0,4.465424456E-3,-5.267552137E-1,3.920532763E-2,5.282310602E-1
1.089688000E0,5.076289643E-3,-5.731809735E-1,4.287051782E-2,5.748043828E-1
1.099922000E0,3.854559269E-3,-6.110545993E-1,4.531398043E-2,6.127445942E-1
1.109911000E0,-1.032362925E-3,-6.617563963E-1,4.959004000E-2,6.636126625E-1
1.119732000E0,-1.141707227E-2,-7.295624614E-1,6.119647995E-2,7.322135916E-1
1.129802000E0,-9.584476240E-3,-8.608984947E-1,6.669425964E-2,8.635312413E-1
1.140152000E0,-1.643228112E-3,-9.054916501E-1,7.158118486E-2,9.083180581E-1
1.150090000E0,5.076289643E-3,-9.238175750E-1,6.974859536E-2,9.264607639E-1
1.160219000E0,6.908885203E-3,-9.427544475E-1,7.035945356E-2,9.454015727E-1
1.169800000E0,6.298020482E-3,-9.696325064E-1,7.280291617E-2,9.723821919E-1
1.179728000E0,4.465424456E-3,-9.952887893E-1,7.463552058E-2,9.980932697E-1
1.189802000E0,3.243693849E-3,-1.019112587E0,7.768984139E-2,1.022074703E0
1.199836000E0,3.854559269E-3,-1.037438631E0,7.830069959E-2,1.040396449E0
1.209830000E0,-2.254093299E-3,-1.052710176E0,8.257676661E-2,1.055946361E0
1.220376000E0,-4.086689092E-3,-1.070425272E0,8.502022922E-2,1.073804174E0
1.230157000E0,-7.141015492E-3,-1.071647048E0,8.440935612E-2,1.074989920E0
1.239829000E0,-7.141015492E-3,-1.047823310E0,7.768984139E-2,1.050723748E0
1.249968000E0,8.130615577E-3,-1.002008438E0,7.158118486E-2,1.004594885E0
1.259954000E0,1.362840272E-2,-9.677999020E-1,6.180734560E-2,9.698672752E-1
1.270318000E0,4.966945574E-2,-9.439761639E-1,4.592484608E-2,9.463969274E-1
1.279611000E0,4.600426182E-2,-9.421435595E-1,4.897917435E-2,9.445368380E-1
1.290011000E0,1.973705553E-2,-9.910127521E-1,6.852686405E-2,9.935752398E-1
1.299839000E0,3.439782187E-2,-1.056986332E0,6.608340144E-2,1.059608575E0
1.309680000E0,1.912618987E-2,-1.113796711E0,7.952243090E-2,1.116795747E0
1.320104000E0,-4.086689092E-3,-1.168163776E0,9.845925868E-2,1.172312900E0
1.329907000E0,-3.475823672E-3,-1.209091783E0,9.784838557E-2,1.213049598E0
1.339717000E0,-4.214975052E-4,-1.307440996E0,1.027353108E-1,1.311471189E0
1.349927000E0,2.462397702E-2,-1.810183167E0,1.351111680E-1,1.815385487E0
1.359751000E0,2.340224758E-2,-2.132108927E0,1.589349061E-1,2.138152578E0
1.369742000E0,-1.032362925E-3,-2.465641499E0,2.004737556E-1,2.473778242E0
1.379772000E0,-1.569312811E-2,-2.796119452E0,2.395691127E-1,2.806407601E0
1.389661000E0,5.272378027E-2,-3.113158464E0,2.120801955E-1,3.120819353E0
1.399776000E0,2.767830342E-2,-3.438749790E0,2.450669259E-1,3.447582342E0
1.409937000E0,5.076289643E-3,-3.890789986E0,3.110403717E-1,3.903206194E0
1.420336000E0,9.976039827E-2,-4.436293125E0,2.658363581E-1,4.445370378E0
1.429613000E0,1.362840272E-2,-5.037995338E0,3.354749978E-1,5.049170847E0
1.440071000E0,-1.569312811E-2,-5.713612080E0,4.411546588E-1,5.730639293E0
1.449710000E0,-4.990158230E-2,-6.397170544E0,5.340061784E-1,6.419613986E0
1.460157000E0,3.195436299E-2,-7.075230598E0,5.523321033E-1,7.096828859E0
1.469835000E0,1.687881798E-1,-7.778947353E0,4.338243008E-1,7.792863075E0
1.479671000E0,-1.476400197E-1,-8.298793793E0,7.490307093E-1,8.333836031E0
1.489867000E0,-1.946766526E-1,-8.620108604E0,7.655240893E-1,8.656223107E0
1.500014000E0,-6.314452887E-1,-9.811906815E0,4.386009648E-3,9.832205130E0
1.509686000E0,-1.361429214E0,-1.139282608E1,5.486669540E-1,1.148699312E1
1.519709000E0,-1.677857399E0,-1.344288921E1,1.436864972E0,1.362318086E1
1.529633000E0,-1.244753957E0,-1.644773483E1,1.273153067E0,1.654383004E1
1.539768000E0,-4.707877338E-1,-1.913126755E1,1.816212296E0,1.922305039E1
1.549749000E0,4.478253052E-2,-1.998647881E1,2.201668262E0,2.010742857E1
1.559839000E0,2.763004601E-1,-2.000297165E1,1.983589411E0,2.010298097E1
1.569892000E0,3.496042788E-1,-2.000297165E1,1.609739900E0,2.007068411E1
1.579701000E0,2.268203646E-1,-1.978428268E1,1.475349545E0,1.984051272E1
1.589903000E0,-1.238162816E-1,-1.985208702E1,1.416706443E0,1.990295824E1
1.599864000E0,-5.178243518E-1,-1.981604767E1,1.452136636E0,1.987592987E1
1.609662000E0,-7.053599358E-1,-1.952649689E1,1.571255326E0,1.960230743E1
1.619645000E0,-3.651080430E-1,-1.932613373E1,1.632952690E0,1.939843507E1
1.629726000E0,8.265617490E-2,-1.926015854E1,1.623178840E0,1.932861217E1
1.639683000E0,8.265617490E-2,-1.917463875E1,1.821710110E0,1.926115861E1
1.650278000E0,1.779511571E-1,-1.909889030E1,1.880353212E0,1.919205580E1
1.659697000E0,5.505789518E-1,-1.908362007E1,1.607296348E0,1.915909950E1
1.669712000E0,7.552188635E-1,-1.896877670E1,1.497340679E0,1.904276435E1
1.680036000E0,8.676180243E-1,-1.885698891E1,1.524829626E0,1.893842383E1
1.689732000E0,9.287045598E-1,-1.879590225E1,1.513834000E0,1.887962200E1
1.699662000E0,8.413508534E-1,-1.913187790E1,9.707748294E-1,1.917495833E1
1.709693000E0,8.474594951E-1,-1.895717049E1,1.044689536E0,1.900483824E1
1.719654000E0,7.765991092E-1,-1.932552147E1,9.396206737E-1,1.936392970E1
1.730014000E0,5.261443853E-1,-1.955826187E1,6.842790246E-1,1.957729994E1
1.739971000E0,4.436775446E-1,-1.967310333E1,6.494597197E-1,1.968882024E1
1.749697000E0,3.202827573E-1,-1.983803749E1,6.622878313E-1,1.985167342E1
1.759706000E0,5.944329873E-2,-2.000297165E1,6.793920994E-1,2.001459422E1
1.769640000E0,3.561955318E-2,-2.000297165E1,7.838500738E-1,2.001835569E1
1.779610000E0,-4.806898534E-2,-2.000297165E1,1.006815910E0,2.002835150E1
1.789761000E0,-1.019534189E-2,-2.000297165E1,1.229170799E0,2.004070457E1
1.799714000E0,1.248058751E-1,-2.000297165E1,1.273764014E0,2.004387503E1
1.809825000E0,6.037242413E-1,-2.000297165E1,1.204736233E0,2.004831033E1
1.819648000E0,5.145379305E-1,-2.000297165E1,1.498562336E0,2.006562516E1
1.829793000E0,4.925467670E-1,-2.000297165E1,1.825375319E0,2.009212463E1
1.839738000E0,6.312131882E-1,-2.000297165E1,1.671437263E0,2.008260460E1
1.849656000E0,8.224140406E-1,-2.000297165E1,1.394715309E0,2.006839481E1
1.859757000E0,8.981612921E-1,-2.000236130E1,1.192518950E0,2.005799722E1
1.869677000E0,8.883874416E-1,-1.997487259E1,8.864753842E-1,2.001426006E1
1.879768000E0,8.804461956E-1,-1.955703926E1,6.567900777E-1,1.958786214E1
1.889640000E0,1.085086107E0,-1.934995651E1,7.588045597E-1,1.939520593E1
1.899738000E0,1.188322306E0,-1.936644936E1,7.716327310E-1,1.941821021E1
1.909784000E0,7.191777825E-1,-1.951244736E1,6.311337352E-1,1.953589385E1
1.919649000E0,1.382449120E-1,-1.938233185E1,5.657711625E-1,1.939108033E1
1.929597000E0,-1.604681909E-1,-1.913859749E1,6.018121839E-1,1.914872951E1
1.939874000E0,-4.005382359E-1,-1.864257431E1,7.013832331E-1,1.866006287E1
1.949997000E0,-6.601559520E-1,-1.874581146E1,9.585574865E-1,1.878190847E1
1.959759000E0,-8.116505146E-1,-1.853628349E1,1.217564344E0,1.859395185E1
1.969742000E0,-6.650428772E-1,-1.822413254E1,1.326298356E0,1.828442934E1
1.979607000E0,-1.458074301E-1,-1.811478615E1,1.086839199E0,1.814794634E1
1.989654000E0,2.005531639E-1,-1.810195923E1,9.035796523E-1,1.812560635E1
1.999884000E0,2.970698774E-1,-1.801704788E1,9.872682095E-1,1.804652220E1
2.009618000E0,3.624324501E-1,-1.791686630E1,1.296365976E0,1.796735985E1
2.019736000E0,4.974336624E-1,-1.797917557E1,1.345846057E0,1.803633821E1
2.029803000E0,4.076364934E-1,-1.813005829E1,8.938058019E-1,1.815665360E1
2.039810000E0,4.064147472E-1,-1.835546875E1,8.876971602E-1,1.838141486E1
2.049780000E0,2.543092966E-1,-1.857293510E1,7.478089929E-1,1.858972323E1
2.060023000E0,1.773402840E-1,-1.868166924E1,7.557502389E-1,1.869779060E1
2.069775000E0,1.083125174E-1,-1.895045090E1,7.966781855E-1,1.896749896E1
2.079767000E0,-4.379292950E-2,-1.919724083E1,8.437148333E-1,1.921582233E1
2.089721000E0,-3.890600801E-2,-1.939027405E1,9.481728077E-1,1.941348173E1
2.099920000E0,-1.569312811E-2,-1.960102272E1,1.068513274E0,1.963013139E1
2.109668000E0,6.298020482E-3,-1.974946213E1,1.199238420E0,1.978584006E1
2.119814000E0,1.168646291E-1,-1.987713242E1,1.287813902E0,1.991914946E1
2.129647000E0,3.758714795E-1,-1.998464584E1,1.206568837E0,2.002456385E1
2.140008000E0,7.185668945E-1,-1.999319839E1,1.002539754E0,2.003121081E1
2.150189000E0,8.150836229E-1,-1.984964371E1,1.022698402E0,1.989267776E1
2.159627000E0,7.704904675E-1,-1.979283333E1,1.479625583E0,1.986301081E1
2.169783000E0,7.857620716E-1,-1.966271973E1,1.728858590E0,1.975421274E1
2.179598000E0,9.323697686E-1,-1.968409920E1,1.401434779E0,1.975593820E1
2.190208000E0,1.011782289E0,-1.959185982E1,1.097834826E0,1.964866193E1
2.199835000E0,1.063705802E0,-1.916975212E1,8.748689890E-1,1.921916393E1
2.209657000E0,1.090583801E0,-1.899443245E1,7.429220676E-1,1.904021455E1
2.219724000E0,9.659673572E-1,-1.882400131E1,5.511103868E-1,1.885682479E1
2.229719000E0,8.645637035E-1,-1.871954346E1,4.368786216E-1,1.874458963E1
2.239701000E0,4.797185957E-1,-1.867983818E1,3.061534464E-1,1.868850487E1
2.249842000E0,-4.501465708E-2,-1.859920311E1,2.078041285E-1,1.860041841E1
2.259669000E0,-5.349285603E-1,-1.807996750E1,3.043208420E-1,1.809043904E1
2.269731000E0,-4.457422495E-1,-1.763098145E1,4.613132179E-1,1.764264727E1
2.279597000E0,-2.197221220E-1,-1.752408028E1,5.718798041E-1,1.753478582E1
2.289748000E0,-6.761667877E-2,-1.738724709E1,6.971071959E-1,1.740134741E1
2.299953000E0,-3.829514235E-2,-1.733288002E1,8.565430045E-1,1.735407336E1
2.309991000E0,1.790446043E-2,-1.717283249E1,9.884898663E-1,1.720126764E1
2.319776000E0,1.351905912E-1,-1.707998085E1,1.089282632E0,1.711521425E1
2.329886000E0,2.249877751E-1,-1.701461792E1,1.147925735E0,1.705478162E1
2.340408000E0,3.288348615E-1,-1.700117874E1,1.080119729E0,1.703862875E1
2.349734000E0,3.954191804E-1,-1.703660965E1,8.913623095E-1,1.706449388E1
2.359763000E0,3.740389049E-1,-1.706715393E1,7.209309340E-1,1.708646803E1
2.369742000E0,4.027495682E-1,-1.694314766E1,8.119498491E-1,1.696737229E1
2.379860000E0,5.035423636E-1,-1.716305923E1,9.219055772E-1,1.719517569E1
2.390254000E0,3.379978538E-1,-1.750636482E1,7.343699336E-1,1.752502071E1
2.399724000E0,1.718425006E-1,-1.761204529E1,6.378532648E-1,1.762442980E1
2.409807000E0,1.467970312E-1,-1.769206810E1,6.940528750E-1,1.770628511E1
2.419693000E0,3.684128448E-2,-1.800299835E1,7.325373888E-1,1.801793323E1
2.429768000E0,-7.311446220E-2,-1.816487885E1,7.899587154E-1,1.818219470E1
2.439655000E0,-6.944927573E-2,-1.838295746E1,8.748689890E-1,1.840389480E1
2.449850000E0,-2.485610731E-2,-1.853994942E1,9.671096206E-1,1.856517286E1
2.459575000E0,2.462397702E-2,-1.869510841E1,1.074011087E0,1.872594950E1
2.469702000E0,1.541274041E-1,-1.880628586E1,1.138151884E0,1.884132513E1
2.479699000E0,3.862561882E-1,-1.890646744E1,1.056295991E0,1.893989087E1
2.489631000E0,6.061677337E-1,-1.873603630E1,1.023309231E0,1.877374916E1
2.499842000E0,5.322530270E-1,-1.868350220E1,1.197405815E0,1.872939744E1
2.509859000E0,5.023205876E-1,-1.858026695E1,1.331796169E0,1.863470759E1
2.519664000E0,6.134980917E-1,-1.858393097E1,1.025752664E0,1.862232635E1
2.529692000E0,7.118474245E-1,-1.834508324E1,9.707748294E-1,1.838453724E1
2.539660000E0,8.999938965E-1,-1.798711586E1,1.203514457E0,1.804978596E1
2.549691000E0,1.036827683E0,-1.773360634E1,1.317135453E0,1.781265424E1
2.559627000E0,1.055153728E0,-1.762059784E1,1.080119729E0,1.768517674E1
2.569735000E0,6.525934935E-1,-1.786555481E1,7.838500738E-1,1.789464579E1
2.579705000E0,4.729990661E-1,-1.755340195E1,6.280794144E-1,1.757100258E1
2.589651000E0,5.394551158E-2,-1.747948647E1,5.028520226E-1,1.748680123E1
2.599798000E0,-2.765325904E-1,-1.730600166E1,4.552045763E-1,1.731419577E1
2.609682000E0,-5.996803045E-1,-1.711113548E1,4.845261276E-1,1.712849496E1
2.619733000E0,-6.839796901E-1,-1.675011444E1,5.712689161E-1,1.677380428E1
2.630120000E0,-3.712167144E-1,-1.643796158E1,6.519031525E-1,1.645507096E1
2.639727000E0,4.172820598E-2,-1.638787079E1,6.793920994E-1,1.640200061E1
2.649875000E0,1.052581891E-1,-1.630479240E1,8.015651107E-1,1.632482286E1
2.659790000E0,5.822156742E-2,-1.625225830E1,9.671096206E-1,1.628111147E1
2.669820000E0,6.371935457E-2,-1.612642097E1,1.095391273E0,1.616370612E1
2.679824000E0,2.292638272E-1,-1.604395294E1,1.067291498E0,1.608104782E1
2.690193000E0,3.502151370E-1,-1.600241470E1,9.322903156E-1,1.603337432E1
2.699845000E0,4.271841645E-1,-1.594499397E1,8.693711758E-1,1.597438967E1
2.709692000E0,4.210755229E-1,-1.587413311E1,7.978999615E-1,1.589975003E1
2.719818000E0,3.227262199E-1,-1.597553730E1,6.457945108E-1,1.599184151E1
2.729865000E0,3.838127255E-1,-1.596331978E1,8.247780204E-1,1.598921979E1
2.740022000E0,3.477717042E-1,-1.623943138E1,7.911804318E-1,1.626241197E1
2.749620000E0,1.639012545E-1,-1.641841507E1,6.396858692E-1,1.643168935E1
2.759607000E0,9.181915224E-2,-1.650027084E1,6.470162272E-1,1.651320680E1
2.769702000E0,1.296927929E-1,-1.664260101E1,7.117679715E-1,1.665831931E1
2.779781000E0,2.060509473E-1,-1.693581772E1,7.704110146E-1,1.695458380E1
2.789865000E0,-6.578408182E-2,-1.715756035E1,7.667458057E-1,1.717481015E1
2.800751000E0,-1.989527047E-1,-1.734387589E1,8.156150579E-1,1.736418270E1
2.810149000E0,-7.861225307E-2,-1.753935242E1,8.797559142E-1,1.756157833E1
2.820385000E0,5.883243307E-2,-1.768229485E1,9.506162405E-1,1.770792714E1
2.829690000E0,1.767294258E-1,-1.781118774E1,1.014146209E0,1.784091182E1
2.839829000E0,3.660976589E-1,-1.795229721E1,9.677205086E-1,1.798208791E1
2.849680000E0,5.927286744E-1,-1.800727463E1,8.186693788E-1,1.803561716E1
2.859592000E0,5.566876531E-1,-1.791930962E1,8.296649456E-1,1.794714189E1
2.870113000E0,3.832018673E-1,-1.781485176E1,1.077065349E0,1.785149452E1
2.879704000E0,4.418449402E-1,-1.783195686E1,1.089893579E0,1.787069614E1
2.889617000E0,5.322530270E-1,-1.775926399E1,9.383989573E-1,1.779200223E1
2.899666000E0,5.285878181E-1,-1.759005356E1,9.322903156E-1,1.762267161E1
2.909580000E0,6.385436058E-1,-1.732555008E1,1.163197398E0,1.737628993E1
2.919992000E0,8.566224575E-1,-1.706898499E1,1.395936966E0,1.714738145E1
2.929782000E0,9.232068062E-1,-1.691443634E1,1.373945832E0,1.699524035E1
2.939820000E0,4.693338871E-1,-1.705799103E1,8.088955283E-1,1.708360747E1
2.949747000E0,3.434956372E-1,-1.665542984E1,6.677856445E-1,1.667235047E1
2.959732000E0,-1.140424386E-1,-1.660839272E1,5.462234616E-1,1.661776382E1
2.969762000E0,-4.549052417E-1,-1.642452240E1,4.991868436E-1,1.643840206E1
2.980040000E0,-7.670573592E-1,-1.627363968E1,5.382822156E-1,1.630059732E1
2.989665000E0,-6.589341760E-1,-1.578189278E1,6.121969223E-1,1.580750198E1
3.000155000E0,1.083125174E-1,-1.565971947E1,6.231924891E-1,1.567248909E1
3.009933000E0,8.632136881E-2,-1.564383698E1,7.569719553E-1,1.566237827E1
3.019908000E0,7.349319756E-2,-1.550822544E1,8.455474377E-1,1.553143290E1
3.029842000E0,1.095342413E-1,-1.544774914E1,9.151860476E-1,1.547522267E1
3.039641000E0,1.241950095E-1,-1.533779335E1,9.762725830E-1,1.536933432E1
3.049949000E0,2.720243931E-1,-1.524921799E1,8.895297050E-1,1.527756229E1
3.059713000E0,3.807584047E-1,-1.514598179E1,7.740762234E-1,1.517052851E1
3.069664000E0,4.106908143E-1,-1.505435181E1,7.362025380E-1,1.507793651E1
3.079886000E0,4.100799561E-1,-1.495783520E1,9.274033904E-1,1.499216717E1
3.089591000E0,3.972517848E-1,-1.505251980E1,8.400496244E-1,1.508117517E1
3.099960000E0,3.172284365E-1,-1.509527969E1,5.187345147E-1,1.510752092E1
3.109750000E0,2.469789237E-1,-1.496638775E1,6.140295267E-1,1.498101442E1
3.119841000E0,3.086763024E-1,-1.515331268E1,7.276504636E-1,1.517391319E1
3.129804000E0,1.877249926E-1,-1.533535004E1,6.323554516E-1,1.534953012E1
3.139736000E0,2.890003473E-2,-1.544041920E1,5.028520226E-1,1.544863231E1
3.149709000E0,6.298020482E-3,-1.554182243E1,5.205671191E-1,1.555053936E1
3.159634000E0,1.064799204E-1,-1.564505863E1,5.932601094E-1,1.565666488E1
3.169784000E0,1.668272913E-2,-1.616246223E1,6.580117941E-1,1.617585989E1
3.179718000E0,-4.929071665E-2,-1.629135513E1,7.111570835E-1,1.630694410E1
3.189748000E0,7.410406321E-2,-1.647583580E1,7.557502389E-1,1.649332638E1
3.199729000E0,3.134349734E-2,-1.656868744E1,8.278323412E-1,1.658938493E1
3.209683000E0,5.076289643E-3,-1.668780518E1,9.322903156E-1,1.671382759E1
3.219707000E0,1.046473235E-1,-1.681547737E1,9.579466581E-1,1.684306659E1
3.229687000E0,3.447173536E-1,-1.689244652E1,8.412714005E-1,1.691689442E1
3.239663000E0,6.251045465E-1,-1.690160942E1,6.421293020E-1,1.692535042E1
3.249818000E0,6.996300817E-1,-1.677088356E1,5.731015205E-1,1.679525120E1
3.259646000E0,5.237008929E-1,-1.659922981E1,9.658879042E-1,1.663555327E1
3.270247000E0,4.913250208E-1,-1.652592659E1,1.329963565E0,1.658663477E1
3.279704000E0,6.092220545E-1,-1.662610817E1,1.069734931E0,1.667162131E1
3.289893000E0,7.130691409E-1,-1.651981735E1,8.107281327E-1,1.655506306E1
3.299686000E0,8.163053393E-1,-1.620155716E1,9.188512564E-1,1.624811055E1
3.309652000E0,8.847222924E-1,-1.603295898E1,1.047132969E0,1.609145720E1
3.319595000E0,9.030482173E-1,-1.592605686E1,1.031861305E0,1.598497798E1
3.329801000E0,8.535681367E-1,-1.574401855E1,7.685784101E-1,1.578586113E1
3.339613000E0,4.839946330E-1,-1.596393013E1,5.132367611E-1,1.597950963E1
3.349727000E0,3.624324501E-1,-1.569209576E1,4.051136076E-1,1.570150768E1
3.359683000E0,1.912618987E-2,-1.558397198E1,2.927144170E-1,1.558673250E1
3.369685000E0,-3.406734467E-1,-1.546240997E1,2.230757624E-1,1.546777112E1
3.379740000E0,-6.662645936E-1,-1.526082420E1,2.255192250E-1,1.527702598E1
3.389683000E0,-5.917389989E-1,-1.483505154E1,3.635747731E-1,1.485129946E1
3.399827000E0,4.986554086E-1,-1.454855537E1,3.898420036E-1,1.456231772E1
3.409764000E0,1.480187476E-1,-1.453511715E1,5.529429913E-1,1.454638395E1
3.419860000E0,-7.983398438E-2,-1.441783047E1,7.209309340E-1,1.443606422E1
3.429716000E0,-1.965092421E-1,-1.431764889E1,8.980818391E-1,1.434713339E1
3.440058000E0,-2.160569280E-1,-1.418325806E1,1.034915686E0,1.422260666E1
3.449611000E0,2.890003473E-2,-1.412400436E1,8.516560793E-1,1.414968737E1
3.459810000E0,3.282240033E-1,-1.406413937E1,4.979651272E-1,1.407677933E1
3.469804000E0,3.868670762E-1,-1.396762276E1,4.136657417E-1,1.397910122E1
3.480176000E0,3.508260250E-1,-1.383384323E1,6.690073609E-1,1.385445301E1
3.489894000E0,3.990843594E-1,-1.381979370E1,9.652770162E-1,1.385921087E1
3.499702000E0,4.387906194E-1,-1.389187527E1,9.481728077E-1,1.393110790E1
3.509614000E0,3.050111234E-1,-1.408735275E1,4.112222791E-1,1.409665361E1
3.519572000E0,2.488115132E-1,-1.393646908E1,4.356568754E-1,1.394549657E1
3.529838000E0,3.777040839E-1,-1.405497646E1,5.957035422E-1,1.407266451E1
3.539724000E0,3.618215919E-1,-1.424617767E1,6.103643179E-1,1.426383671E1
3.549647000E0,2.225443125E-1,-1.440622425E1,4.582588971E-1,1.441522890E1
3.559606000E0,8.021271229E-2,-1.450640583E1,3.623530567E-1,1.451115240E1
3.569868000E0,1.480187476E-1,-1.455955124E1,4.338243008E-1,1.456676510E1
3.579797000E0,2.677483559E-1,-1.485887527E1,5.059063435E-1,1.486989593E1
3.589705000E0,7.776924968E-2,-1.506290436E1,5.083498359E-1,1.507168057E1
3.599694000E0,-4.073860124E-2,-1.513865185E1,5.462234616E-1,1.514855767E1
3.609584000E0,7.349319756E-2,-1.529808712E1,6.085317135E-1,1.531036190E1
3.619620000E0,6.188675761E-2,-1.539765835E1,7.783522606E-1,1.541744288E1
3.629677000E0,8.082357794E-2,-1.560535240E1,8.510452509E-1,1.562875024E1
3.640096000E0,2.671374679E-1,-1.572080612E1,7.832391858E-1,1.574257194E1
3.649744000E0,4.992662668E-1,-1.573974323E1,6.305228472E-1,1.576027737E1
3.659614000E0,6.788606644E-1,-1.567621326E1,4.625349641E-1,1.569772126E1
3.669915000E0,5.114836097E-1,-1.549906158E1,6.720616817E-1,1.552205503E1
3.679976000E0,3.746497631E-1,-1.544958210E1,1.011702776E0,1.548720414E1
3.689684000E0,3.948083222E-1,-1.544164085E1,1.030028701E0,1.548099173E1
3.699942000E0,4.455101192E-1,-1.539093876E1,8.571538925E-1,1.542122524E1
3.709759000E0,5.041532516E-1,-1.528648090E1,6.048665047E-1,1.530674794E1
3.720243000E0,5.811222196E-1,-1.500487232E1,6.696182489E-1,1.503104404E1
3.729881000E0,7.283407450E-1,-1.478618240E1,9.274033904E-1,1.483313006E1
3.739810000E0,7.918707728E-1,-1.459070587E1,1.029417872E0,1.464839439E1
3.749708000E0,7.796534300E-1,-1.446547794E1,8.406605124E-1,1.451084497E1
3.759694000E0,4.204646647E-1,-1.468233490E1,5.700471997E-1,1.469941164E1
3.769819000E0,2.335398942E-1,-1.452289963E1,4.185526669E-1,1.453080661E1
3.779655000E0,9.914953262E-2,-1.432436848E1,3.446379602E-1,1.432885684E1
3.789892000E0,-2.545414269E-1,-1.421746635E1,2.530081868E-1,1.422199543E1
3.799703000E0,-5.899064541E-1,-1.403726196E1,2.145236582E-1,1.405128939E1
3.809667000E0,-5.447024107E-1,-1.368357086E1,3.208142221E-1,1.369816535E1
3.819794000E0,2.706743777E-2,-1.356628418E1,4.161092043E-1,1.357269118E1
3.830063000E0,3.575455248E-1,-1.342700672E1,4.423764050E-1,1.343904927E1
3.839829000E0,3.471608162E-1,-1.328467560E1,4.955216944E-1,1.329844608E1
3.849706000E0,-1.677985787E-1,-1.309347439E1,7.985107899E-1,1.311887371E1
3.859767000E0,-2.551523149E-1,-1.299695778E1,9.249598980E-1,1.303232769E1
3.869759000E0,-2.974302880E-2,-1.290349579E1,7.978999615E-1,1.292817592E1
3.880368000E0,2.329290211E-1,-1.284363079E1,6.464053392E-1,1.286199626E1
3.889906000E0,3.508260250E-1,-1.275994205E1,5.627168417E-1,1.277716128E1
3.899660000E0,3.801475465E-1,-1.266037083E1,5.749341249E-1,1.267911869E1
3.909594000E0,3.648759127E-1,-1.258828926E1,6.390749812E-1,1.260978104E1
3.919637000E0,3.392195702E-1,-1.250154591E1,8.791450262E-1,1.253700985E1
3.929734000E0,3.624324501E-1,-1.258706760E1,8.760907054E-1,1.262272408E1
3.939659000E0,3.398304284E-1,-1.266281509E1,4.784174562E-1,1.267640541E1
3.950172000E0,2.543092966E-1,-1.262371922E1,2.676689327E-1,1.262911742E1
3.959858000E0,2.952372730E-1,-1.254980469E1,5.297300816E-1,1.256444892E1
3.969891000E0,3.502151370E-1,-1.270007706E1,6.580117941E-1,1.272193332E1
3.979710000E0,2.182682604E-1,-1.289555454E1,5.175127983E-1,1.290778011E1
3.989770000E0,2.584570833E-2,-1.299329281E1,3.770138323E-1,1.299878708E1
3.999721000E0,1.546099875E-2,-1.304521656E1,4.503176510E-1,1.305299583E1
4.009606000E0,6.127589568E-2,-1.316067028E1,5.260649323E-1,1.317132269E1
4.020142000E0,1.761185527E-1,-1.331094265E1,6.066991091E-1,1.332592570E1
4.030001000E0,1.303036660E-1,-1.355467796E1,5.895949006E-1,1.356812057E1
4.039684000E0,-8.655349910E-2,-1.364997292E1,5.486669540E-1,1.366126962E1
4.049745000E0,-7.250359654E-2,-1.381185246E1,5.847079754E-1,1.382441349E1
4.059671000E0,2.828916907E-2,-1.396212482E1,6.079208255E-1,1.397538184E1
4.069619000E0,9.487348050E-2,-1.404520321E1,6.347989440E-1,1.405986145E1
4.080185000E0,1.284710616E-1,-1.426572514E1,7.575828433E-1,1.428640438E1
4.089690000E0,2.237660438E-1,-1.437690258E1,7.514742017E-1,1.439826769E1
4.099809000E0,4.186320603E-1,-1.444043255E1,6.329663396E-1,1.446035931E1
4.110105000E0,5.145379305E-1,-1.442638302E1,5.358387828E-1,1.444549755E1
4.119870000E0,3.025676608E-1,-1.436102009E1,6.464053392E-1,1.437874421E1
4.130487000E0,1.932227761E-1,-1.433780766E1,7.325373888E-1,1.435780883E1
4.139834000E0,2.500332594E-1,-1.429138184E1,6.445727944E-1,1.430809510E1
4.149707000E0,2.109378725E-1,-1.413805389E1,8.803667426E-1,1.416700774E1
4.159621000E0,2.347616255E-1,-1.411606312E1,7.435329556E-1,1.413758085E1
4.169579000E0,2.390376776E-1,-1.402443314E1,5.981470346E-1,1.403921806E1
4.180797000E0,3.141741157E-1,-1.385583496E1,7.936238647E-1,1.388210023E1
4.189652000E0,4.815511703E-1,-1.371044827E1,1.082563162E0,1.376154883E1
4.199637000E0,6.086111665E-1,-1.338424683E1,1.193740606E0,1.345115189E1
4.209712000E0,6.171633005E-1,-1.338241386E1,1.075843573E0,1.343976677E1
4.219636000E0,4.253515899E-1,-1.322236729E1,7.771305442E-1,1.325201315E1
4.229714000E0,7.349319756E-2,-1.342334175E1,5.278974771E-1,1.343391904E1
4.239627000E0,-1.085446477E-1,-1.326268482E1,4.057244956E-1,1.326933318E1
4.249913000E0,-3.015780747E-1,-1.309530735E1,3.373075724E-1,1.310312178E1
4.259754000E0,-5.349285603E-1,-1.293342781E1,3.043208420E-1,1.294806220E1
4.269877000E0,-3.217366040E-1,-1.272573376E1,4.417655468E-1,1.273746328E1
4.279701000E0,1.058690548E-1,-1.257362843E1,5.596625209E-1,1.258652304E1
4.289615000E0,2.934046686E-1,-1.244840145E1,6.207489967E-1,1.246732186E1
4.299796000E0,5.316421390E-1,-1.209593201E1,5.987578630E-1,1.212240593E1
4.309820000E0,2.139922082E-1,-1.204339695E1,7.038267255E-1,1.206584331E1
4.319686000E0,-4.806898534E-2,-1.189495754E1,8.467691541E-1,1.192515591E1
4.329640000E0,-2.844738364E-1,-1.180699253E1,1.031250477E0,1.185535641E1
4.339684000E0,-2.533197105E-1,-1.173918629E1,1.031250477E0,1.178711768E1
4.349703000E0,2.011640370E-1,-1.174346256E1,6.665639281E-1,1.176408464E1
4.359773000E0,4.265733063E-1,-1.161640263E1,5.040737391E-1,1.163515643E1
4.369786000E0,3.599889874E-1,-1.151622105E1,5.639385581E-1,1.153563895E1
4.379954000E0,3.111197650E-1,-1.142581272E1,6.598443985E-1,1.144907798E1
4.389637000E0,3.160066903E-1,-1.139710236E1,6.500705481E-1,1.141999974E1
4.399906000E0,2.903503478E-1,-1.131768990E1,7.129896879E-1,1.134384248E1
4.410086000E0,2.304855585E-1,-1.140382099E1,5.523321033E-1,1.141951521E1
4.420004000E0,2.115487456E-1,-1.132746315E1,4.038918912E-1,1.133663543E1
4.429705000E0,2.005531639E-1,-1.130852604E1,4.973542988E-1,1.132123421E1
4.440240000E0,1.205298156E-1,-1.136472607E1,5.089606643E-1,1.137675556E1
4.449725000E0,6.249762326E-2,-1.139526939E1,5.633276701E-1,1.140935619E1
4.459946000E0,3.928474337E-2,-1.147407055E1,5.828753710E-1,1.148893302E1
4.470270000E0,-2.180178091E-2,-1.157364178E1,4.338243008E-1,1.158179014E1
4.479869000E0,-7.800138742E-2,-1.168848419E1,4.002267122E-1,1.169559440E1
4.489644000E0,-4.257119820E-2,-1.178805542E1,4.704762101E-1,1.179751714E1
4.499677000E0,5.687154830E-3,-1.188823795E1,5.254540443E-1,1.189984605E1
4.509808000E0,8.204530925E-2,-1.204217529E1,5.712689161E-1,1.205599707E1
4.519861000E0,-1.935832016E-2,-1.222787857E1,5.162910819E-1,1.223878857E1
4.529750000E0,-2.668870427E-2,-1.245573139E1,5.217888355E-1,1.246668442E1
4.539780000E0,7.227146626E-2,-1.265548420E1,5.303409696E-1,1.266679774E1
4.549777000E0,8.632136881E-2,-1.275994205E1,5.333952904E-1,1.277137750E1
4.560065000E0,9.853866696E-2,-1.282041836E1,5.602733493E-1,1.283303327E1
4.569715000E0,1.070907861E-1,-1.293831539E1,6.140295267E-1,1.295332026E1
4.579818000E0,1.156428978E-1,-1.304643822E1,6.726725698E-1,1.306428000E1
4.589707000E0,1.522948146E-1,-1.314784145E1,6.842790246E-1,1.316651687E1
4.599763000E0,2.243769169E-1,-1.320098686E1,6.427401900E-1,1.321852920E1
4.609866000E0,3.563238084E-1,-1.324374771E1,5.364496112E-1,1.325939660E1
4.619644000E0,4.467318654E-1,-1.320159817E1,4.173309207E-1,1.321574548E1
4.630358000E0,2.512549758E-1,-1.311118984E1,5.657711625E-1,1.312579617E1
4.639617000E0,1.596251875E-1,-1.310935688E1,6.647313237E-1,1.312716975E1
4.649713000E0,2.017748952E-1,-1.301772785E1,6.213598847E-1,1.303411062E1
4.660206000E0,1.791728884E-1,-1.290777206E1,8.070629239E-1,1.293421946E1
4.669689000E0,2.152139246E-1,-1.288333702E1,6.018121839E-1,1.289918089E1
4.679796000E0,1.999423057E-1,-1.279354000E1,5.657711625E-1,1.280760476E1
4.689726000E0,2.457571924E-1,-1.265853882E1,7.252069712E-1,1.268167681E1
4.699756000E0,3.673193753E-1,-1.252781391E1,9.524488449E-1,1.256933585E1
4.709677000E0,4.528405070E-1,-1.227247143E1,1.021476626E0,1.232323147E1
4.719966000E0,4.577274323E-1,-1.224315071E1,9.707748294E-1,1.229010405E1
4.729832000E0,3.795366883E-1,-1.196765041E1,7.178766131E-1,1.199516783E1
4.739897000E0,1.912618987E-2,-1.224315071E1,4.680327475E-1,1.225210838E1
4.749690000E0,-1.623007953E-1,-1.212525368E1,3.281446099E-1,1.213077892E1
4.759765000E0,-7.250359654E-2,-1.184608746E1,5.199562311E-1,1.185771476E1
4.769762000E0,-1.287032068E-1,-1.167138004E1,5.266757607E-1,1.168396611E1
4.779922000E0,-1.910114586E-1,-1.155959225E1,5.474451780E-1,1.157412435E1
4.789764000E0,-1.054903194E-1,-1.142520142E1,5.853188634E-1,1.144067104E1
4.800074000E0,-2.363437787E-2,-1.127676105E1,5.926492214E-1,1.129234836E1
4.809830000E0,1.278602034E-1,-1.117413616E1,5.883731842E-1,1.119034629E1
4.819895000E0,4.925467670E-1,-1.098598957E1,5.260649323E-1,1.100960097E1
4.829753000E0,3.905322552E-1,-1.087969875E1,5.584407449E-1,1.090101906E1
4.839714000E0,2.401311137E-2,-1.082166672E1,6.934419870E-1,1.084388809E1
4.849784000E0,-2.319394350E-1,-1.068666553E1,8.510452509E-1,1.072300770E1
4.860449000E0,-3.302887380E-1,-1.062619019E1,9.451184869E-1,1.067324962E1
4.870197000E0,-4.623638839E-2,-1.059198189E1,7.807956934E-1,1.062082200E1
4.879820000E0,3.306674659E-1,-1.053944683E1,5.114041567E-1,1.055702679E1
4.890031000E0,3.948083222E-1,-1.046064568E1,4.558154345E-1,1.047801266E1
4.900025000E0,4.003061056E-1,-1.037878990E1,4.393220842E-1,1.039579380E1
4.909819000E0,3.208936155E-1,-1.028654861E1,5.535538197E-1,1.030642891E1
4.919652000E0,2.824091017E-1,-1.022912788E1,6.861116290E-1,1.025600124E1
4.929966000E0,2.555310428E-1,-1.017964745E1,7.661349773E-1,1.021163459E1
4.939788000E0,2.616396844E-1,-1.019308662E1,7.746870518E-1,1.022583054E1
4.949853000E0,2.860743105E-1,-1.018331242E1,6.958854198E-1,1.021106982E1
4.959656000E0,2.659157515E-1,-1.018697834E1,5.175127983E-1,1.020358066E1
4.969864000E0,2.317072898E-1,-1.020224953E1,4.167200625E-1,1.021338530E1
4.979663000E0,1.400775015E-1,-1.026089287E1,1.680978984E-1,1.026322567E1
4.989860000E0,1.003712639E-1,-1.028166199E1,1.613783687E-1,1.028341823E1
4.999943000E0,2.463680655E-1,-1.034580326E1,3.837333322E-1,1.035584828E1
5.009915000E0,3.905322552E-1,-1.047652817E1,5.566082001E-1,1.049856993E1
5.019913000E0,3.996952474E-1,-1.067811394E1,5.712689161E-1,1.070085145E1
5.029749000E0,2.433137298E-1,-1.073309135E1,4.258830547E-1,1.074429281E1
5.039732000E0,5.333464593E-2,-1.084671211E1,2.878274918E-1,1.085066140E1
5.049931000E0,-9.144042432E-2,-1.095178127E1,2.389582545E-1,1.095476953E1
5.060505000E0,-3.475823672E-3,-1.107089996E1,3.006556630E-1,1.107498225E1
5.069649000E0,1.028147265E-1,-1.128225899E1,3.531900644E-1,1.128825416E1
5.079994000E0,8.998655528E-2,-1.137694359E1,3.800681531E-1,1.138364594E1
5.089945000E0,8.632136881E-2,-1.147956848E1,4.075570703E-1,1.148712526E1
5.099999000E0,1.309145242E-1,-1.163656139E1,4.301590919E-1,1.164524523E1
5.109749000E0,2.298747003E-1,-1.171414089E1,4.643675387E-1,1.172559493E1
5.119900000E0,9.059742093E-2,-1.178683376E1,5.285083652E-1,1.179902450E1
5.129832000E0,-1.032362925E-3,-1.190167618E1,6.103643179E-1,1.191731688E1
5.139861000E0,-1.263880264E-2,-1.198231125E1,6.671747565E-1,1.200087767E1
5.149750000E0,9.670607746E-2,-1.208188152E1,6.268576980E-1,1.209851907E1
5.159673000E0,2.335398942E-1,-1.212525368E1,5.016303062E-1,1.213787257E1
5.169670000E0,4.797185957E-1,-1.213991451E1,2.969904840E-1,1.215301846E1
5.179748000E0,6.477065682E-1,-1.210020828E1,8.135503531E-2,1.211780438E1
5.189644000E0,4.222972393E-1,-1.200369072E1,3.470814228E-1,1.201613047E1
5.199728000E0,1.920010597E-1,-1.194443703E1,7.221526504E-1,1.196778780E1
5.209784000E0,2.286529690E-1,-1.186807919E1,6.769486070E-1,1.188956875E1
5.219778000E0,2.182682604E-1,-1.181676674E1,5.938709378E-1,1.183369342E1
5.229723000E0,2.286529690E-1,-1.174957085E1,3.562444150E-1,1.175719385E1
5.239634000E0,2.347616255E-1,-1.160235310E1,4.344351590E-1,1.161285685E1
5.249746000E0,3.496042788E-1,-1.145024681E1,7.881261110E-1,1.148266162E1
5.259728000E0,4.113016725E-1,-1.136716938E1,8.486017585E-1,1.140621908E1
5.269716000E0,4.736099243E-1,-1.108311749E1,9.719965458E-1,1.113573423E1
5.279815000E0,4.699447453E-1,-1.103547001E1,8.211128116E-1,1.107595019E1
5.289634000E0,2.671374679E-1,-1.093834209E1,5.712689161E-1,1.095650667E1
5.299631000E0,-1.141707227E-2,-1.103669167E1,3.415836394E-1,1.104198228E1
5.309619000E0,-2.099482715E-1,-1.100126171E1,2.108584642E-1,1.100528504E1
5.319696000E0,-2.698130608E-1,-1.084182549E1,2.078041285E-1,1.084717297E1
5.329659000E0,-1.115989760E-1,-1.067566967E1,3.745703697E-1,1.068282173E1
5.339692000E0,3.256522492E-2,-1.055594063E1,5.120149851E-1,1.056840113E1
5.349687000E0,-8.655349910E-2,-1.048385811E1,5.040737391E-1,1.049632615E1
5.359700000E0,-1.482508928E-1,-1.034763527E1,4.967434108E-1,1.036061234E1
5.369674000E0,-1.335901171E-1,-1.021813202E1,5.052955151E-1,1.023149021E1
5.379910000E0,2.828916907E-2,-1.004342461E1,5.077389479E-1,1.005629042E1
5.389614000E0,2.903503478E-1,-9.944464684E0,4.741413891E-1,9.959994539E0
5.400424000E0,6.464848518E-1,-9.776476860E0,4.087788165E-1,9.806352155E0
5.410230000E0,4.723882079E-1,-9.683625221E0,4.472633302E-1,9.705451691E0
5.419599000E0,6.188675761E-2,-9.641475677E0,5.779884458E-1,9.658983065E0
5.429802000E0,-1.763506830E-1,-9.517469406E0,7.123787999E-1,9.545721922E0
5.439659000E0,-2.349937558E-1,-9.397740364E0,7.459763885E-1,9.430229413E0
5.449600000E0,3.331109285E-1,-9.321992874E0,3.678508401E-1,9.335192996E0
5.459645000E0,2.817982435E-1,-9.226697922E0,5.059063435E-1,9.244852947E0
5.469850000E0,1.022038609E-1,-9.178439140E0,6.519031525E-1,9.202128471E0
5.479678000E0,2.121596038E-1,-9.139954567E0,5.535538197E-1,9.159159515E0
5.489685000E0,2.726352513E-1,-9.085587502E0,4.710870683E-1,9.101876359E0
5.500355000E0,2.701918185E-1,-9.038551331E0,4.185526669E-1,9.052270439E0
5.509759000E0,2.811873853E-1,-9.003731728E0,3.305880725E-1,9.014185479E0
5.519596000E0,2.384268045E-1,-8.906604767E0,5.816536546E-1,8.928761212E0
5.529672000E0,2.103270143E-1,-8.945088387E0,6.512922645E-1,8.971233210E0
5.539626000E0,1.871141344E-1,-8.983572960E0,3.580769897E-1,8.992653332E0
5.549671000E0,1.700099111E-1,-8.930428505E0,2.896600962E-1,8.936742115E0
5.559703000E0,1.529056728E-1,-8.948143005E0,3.757920861E-1,8.957335713E0
5.569667000E0,1.009821296E-1,-8.970745087E0,4.527611136E-1,8.982731067E0
5.579802000E0,4.233907163E-2,-9.033053398E0,4.545937181E-1,9.044584111E0
5.589596000E0,-4.134946689E-2,-9.082533836E0,3.440271020E-1,9.089141066E0
5.599630000E0,-3.218648955E-2,-9.115520477E0,4.142765999E-1,9.124986282E0
5.609756000E0,2.767830342E-2,-9.257241249E0,4.668110013E-1,9.269044942E0
5.619652000E0,-1.508226432E-2,-9.384301186E0,3.495248854E-1,9.390820191E0
5.629636000E0,-9.449474514E-2,-9.433170319E0,2.640037537E-1,9.437336992E0
5.639625000E0,-5.723196268E-2,-9.513193130E0,3.263120055E-1,9.518959952E0
5.649715000E0,5.883243307E-2,-9.648194313E0,4.289373755E-1,9.657903604E0
5.659802000E0,1.162537634E-1,-9.781973839E0,4.680327475E-1,9.793854286E0
5.669647000E0,1.893676817E-4,-1.005319881E1,4.075570703E-1,1.006145661E1
5.679658000E0,-7.067099959E-2,-1.013444328E1,3.880093992E-1,1.014211449E1
5.689640000E0,2.706743777E-2,-1.026761246E1,4.179417789E-1,1.027615072E1
5.699860000E0,1.480187476E-1,-1.040383530E1,4.295482337E-1,1.041375101E1
5.709715000E0,1.364123225E-1,-1.049118900E1,4.417655468E-1,1.050137190E1
5.719873000E0,7.288233191E-2,-1.054922104E1,4.668110013E-1,1.055979587E1
5.729682000E0,1.101451069E-1,-1.065245724E1,4.991868436E-1,1.066471587E1
5.739648000E0,1.584034711E-1,-1.073003674E1,5.327844024E-1,1.074442363E1
5.749804000E0,1.358014494E-1,-1.080456257E1,5.840970874E-1,1.082119142E1
5.759909000E0,1.254167408E-1,-1.089313793E1,5.969252586E-1,1.091020179E1
5.769712000E0,1.278602034E-1,-1.093712044E1,5.590516329E-1,1.095214547E1
5.779651000E0,2.378159463E-1,-1.098782253E1,4.686436057E-1,1.100038305E1
5.789717000E0,3.251696825E-1,-1.096705246E1,3.623530567E-1,1.097785383E1
5.799659000E0,2.561419010E-1,-1.092490292E1,3.623530567E-1,1.093391111E1
5.809656000E0,6.066503003E-2,-1.089435959E1,6.268576980E-1,1.091254790E1
5.819633000E0,6.494108588E-2,-1.085343170E1,6.793920994E-1,1.087486877E1
5.829740000E0,2.255986482E-1,-1.083205128E1,3.800681531E-1,1.084106459E1
5.839671000E0,2.359833568E-1,-1.068238926E1,5.211780071E-1,1.069769858E1
5.849657000E0,1.962771118E-1,-1.064695930E1,6.109752059E-1,1.066628135E1
5.859667000E0,1.748968214E-1,-1.058526230E1,4.649784267E-1,1.059691331E1
5.869652000E0,1.840597987E-1,-1.050462818E1,5.504994988E-1,1.052065307E1
5.879678000E0,2.170465291E-1,-1.042032814E1,6.867224574E-1,1.044518719E1
5.889733000E0,2.732461393E-1,-1.030059910E1,7.081027627E-1,1.032852433E1
5.899603000E0,1.712316275E-1,-1.015399075E1,5.706580877E-1,1.017145511E1
5.909708000E0,1.125885695E-1,-9.905980110E0,3.519683480E-1,9.912870414E0
5.919757000E0,-1.134315729E-1,-9.967677116E0,1.613783687E-1,9.969628719E0
5.929635000E0,7.532578707E-2,-9.846115112E0,3.647965193E-1,9.853158543E0
5.939637000E0,5.340856314E-1,-9.712946892E0,7.026049495E-1,9.752960499E0
5.949695000E0,-6.456235051E-2,-8.698299408E0,1.205347061E0,8.781653741E0
5.960056000E0,-3.409049511E0,-3.515107870E0,4.206528187E0,6.455422627E0
5.969602000E0,-4.106047153E0,-1.819957018E0,5.557150841E0,7.145193646E0
5.979924000E0,-3.038254261E0,-2.079574585E0,5.695206642E0,6.781666322E0
5.989636000E0,-2.503747225E0,-1.717331648E0,5.464910507E0,6.251657781E0
5.999709000E0,-2.382795811E0,-1.135787845E0,5.114884853E0,5.755847198E0
6.009806000E0,-2.256957769E0,-7.588840127E-1,4.816782475E0,5.373188692E0
6.019717000E0,-2.104852200E0,-4.729990661E-1,4.591372967E0,5.072951470E0
6.029581000E0,-2.002226830E0,-1.663447171E-1,4.384289742E0,4.822714939E0
6.039647000E0,-1.886162519E0,3.524081782E-2,4.205917358E0,4.609619484E0
6.049736000E0,-1.834238887E0,2.282742411E-1,4.008607864E0,4.414235883E0
6.059815000E0,-1.735278726E0,3.742710054E-1,3.817406893E0,4.209972260E0
6.069623000E0,-1.671137929E0,6.412191391E-1,3.615210533E0,4.034056415E0
6.079761000E0,-1.594779730E0,8.599089384E-1,3.428285599E0,3.877616267E0
6.090063000E0,-1.547132254E0,1.010181785E0,3.241971731E0,3.731550101E0
6.099939000E0,-1.501317382E0,1.087150693E0,3.071540356E0,3.587507584E0
6.109680000E0,-1.439620018E0,1.128078699E0,2.926154375E0,3.450716849E0
6.119907000E0,-1.420072317E0,1.186721802E0,2.678143263E0,3.255359482E0
6.129812000E0,-1.404800653E0,1.217265010E0,2.581015587E0,3.180698106E0
6.139720000E0,-1.402968049E0,1.283849359E0,2.491218328E0,3.134127834E0
6.149768000E0,-1.407244086E0,1.343103290E0,2.408751488E0,3.096182503E0
6.159842000E0,-1.388918161E0,1.398081183E0,2.336058617E0,3.056287702E0
6.169814000E0,-1.389528990E0,1.451226473E0,2.264587402E0,3.027408990E0
6.179807000E0,-1.402968049E0,1.507426023E0,2.198613882E0,3.012400300E0
6.189614000E0,-1.420683146E0,1.567290783E0,2.139359951E0,3.008588041E0
6.199587000E0,-1.436565638E0,1.580119014E0,2.078884363E0,2.980311582E0
6.209717000E0,-1.432289600E0,1.558738708E0,2.031236887E0,2.933776261E0
6.219629000E0,-1.439620018E0,1.658920646E0,1.987865448E0,2.962453805E0
6.229709000E0,-1.497652173E0,1.752993822E0,1.925557137E0,3.003950675E0
6.240088000E0,-1.555073500E0,1.814691186E0,1.857140303E0,3.026603343E0
6.249916000E0,-1.558738708E0,1.850121379E0,1.807660222E0,3.019975324E0
6.259706000E0,-1.522086740E0,1.839736700E0,1.766121387E0,2.969943421E0
6.269685000E0,-1.491543531E0,1.874556065E0,1.701369643E0,2.938251386E0
6.280425000E0,-1.490321755E0,1.963131547E0,1.586526990E0,2.931213451E0
6.289772000E0,-1.498263001E0,2.079806805E0,1.422815084E0,2.931687420E0
6.299741000E0,-1.385252953E0,2.160441160E0,1.310415864E0,2.881600508E0
6.309756000E0,-1.317446947E0,2.256346941E0,1.176636338E0,2.865526313E0
6.319669000E0,-1.308894873E0,2.302772760E0,1.030639648E0,2.842215027E0
6.329909000E0,-1.245364785E0,2.286890268E0,9.164078236E-1,2.760544121E0
6.339675000E0,-1.100589752E0,2.186097383E0,8.259997368E-1,2.583136686E0
6.349943000E0,-9.032803178E-1,2.369357109E0,5.657711625E-1,2.598050317E0
6.359637000E0,-7.743877172E-1,2.396234989E0,4.662001431E-1,2.561046863E0
6.369683000E0,-6.656537056E-1,2.423723936E0,3.733486235E-1,2.541047376E0
6.380077000E0,-5.734130740E-1,2.451212883E0,2.896600962E-1,2.533998840E0
6.389831000E0,-4.866702259E-1,2.522073269E0,2.047498077E-1,2.576746780E0
6.399968000E0,-3.657189310E-1,2.516575575E0,1.864238530E-1,2.549834664E0
6.409826000E0,-2.203329951E-1,2.383406878E0,2.401800007E-1,2.405589617E0
6.419983000E0,-1.378661841E-1,2.396234989E0,1.931433678E-1,2.407956305E0
6.429799000E0,-8.411003649E-2,2.442660809E0,5.020090565E-2,2.444623990E0
6.439649000E0,-5.356677249E-2,2.465262890E0,-1.214522272E-1,2.468833967E0
6.449696000E0,2.523484267E-2,2.523294926E0,-2.369057685E-1,2.534517394E0
6.459782000E0,8.082357794E-2,2.642413855E0,-2.314079851E-1,2.653758294E0
6.469770000E0,3.867388144E-2,2.781080246E0,-2.130820155E-1,2.789499408E0
6.479740000E0,-4.440379515E-2,2.847664595E0,-3.425854445E-1,2.868541463E0
6.489589000E0,-3.829514235E-2,2.900809765E0,-2.845532298E-1,2.914984451E0
6.499691000E0,3.623041883E-2,2.948457241E0,-5.486791953E-2,2.949190268E0
6.510087000E0,2.462397702E-2,2.993050337E0,-2.676811814E-2,2.993271319E0
6.519736000E0,-2.729956806E-2,3.015652418E0,-2.026973069E-1,3.022580184E0
6.529863000E0,-6.089715287E-2,3.030924082E0,-3.596896529E-1,3.052799682E0
6.540047000E0,-3.707341105E-2,3.059634686E0,-2.674490213E-1,3.071525326E0
6.549742000E0,-1.630399376E-2,3.097508430E0,-1.367238611E-1,3.100567321E0
6.559695000E0,-2.668870427E-2,3.118277788E0,-2.265210599E-1,3.126608457E0
6.569711000E0,-1.996918581E-2,3.148821115E0,-1.464977115E-1,3.152290400E0
6.579851000E0,-1.630399376E-2,3.127440691E0,-3.083769977E-1,3.142649753E0
6.589751000E0,-2.424524166E-2,3.109725714E0,-2.588969171E-1,3.120578386E0
6.599649000E0,-3.035389446E-2,3.150653601E0,9.272933006E-3,3.150813460E0
6.609789000E0,-1.630399376E-2,3.227622747E0,1.477072015E-2,3.227697723E0
6.619748000E0,-8.973611519E-3,3.283211470E0,-1.843713522E-1,3.288396399E0
6.629794000E0,-2.668870427E-2,3.327804565E0,-1.526063681E-1,3.331408743E0
6.639734000E0,-2.546697296E-2,3.358958721E0,-9.518502653E-2,3.360403614E0
6.649692000E0,-7.141015492E-3,3.390723705E0,-1.941452026E-1,3.396284823E0
6.659598000E0,-1.202793792E-2,3.434095144E0,-2.204124033E-1,3.441182320E0
6.669748000E0,1.893676817E-4,3.459140539E0,-2.588969171E-1,3.468815492E0
6.679775000E0,-1.569312811E-2,3.486018658E0,-2.295753807E-1,3.493605188E0
6.689695000E0,-4.501465708E-2,3.512285948E0,-1.098457873E-1,3.514291535E0
6.699644000E0,-1.386053301E-2,3.523281336E0,-1.935343295E-1,3.528619988E0
6.709720000E0,-2.729956806E-2,3.526335716E0,-2.240775973E-1,3.533553398E0
6.719841000E0,-1.568029970E-1,3.519616365E0,6.218606606E-3,3.523113000E0
6.729801000E0,-1.384770423E-1,3.526946545E0,4.164879024E-2,3.529909693E0
6.739776000E0,1.485013310E-2,3.518394470E0,-2.088059634E-1,3.524616306E0
6.749787000E0,9.365174919E-2,3.521448851E0,-3.804590702E-1,3.543179612E0
6.759693000E0,-7.128186524E-2,3.534276962E0,-1.745975167E-1,3.539304881E0
6.769694000E0,-1.488617510E-1,3.562376738E0,-6.342002749E-2,3.566049627E0
6.779715000E0,-1.293140650E-1,3.547105074E0,-1.190087646E-1,3.551455986E0
6.789679000E0,-9.021869302E-2,3.545883417E0,-1.703214496E-1,3.551117855E0
6.799673000E0,1.118494198E-2,3.555046320E0,-1.660453975E-1,3.558939521E0
6.809818000E0,-1.390879154E-1,3.564820290E0,-4.081802070E-2,3.567766144E0
6.819670000E0,-3.035389446E-2,3.541607380E0,-1.147327125E-1,3.543595319E0
6.829967000E0,5.394551158E-2,3.527557611E0,-1.752083749E-1,3.532318048E0
6.839793000E0,-3.340822086E-2,3.506177187E0,-1.251174212E-1,3.508567934E0
6.849726000E0,-1.769615561E-1,3.421267033E0,-1.638340764E-2,3.425879729E0
6.859632000E0,-3.626645803E-1,3.306424379E0,1.015135795E-1,3.327802996E0
6.869663000E0,-4.487966001E-1,3.242283344E0,1.265590489E-1,3.275642970E0
6.879655000E0,-3.376191258E-1,3.223957539E0,4.225965589E-2,3.241862854E0
6.889812000E0,-1.134315729E-1,3.206242323E0,-2.493552119E-2,3.208345109E0
6.900243000E0,1.034255922E-1,3.168979645E0,-7.563734055E-2,3.171568989E0
6.909821000E0,2.995133400E-1,3.106060505E0,-1.129001230E-1,3.122509654E0
6.919696000E0,3.783149421E-1,3.057191372E0,-1.012936831E-1,3.082174831E0
6.929757000E0,1.913901865E-1,2.958231211E0,6.218606606E-3,2.964422502E0
6.939693000E0,-1.018251330E-1,2.904474974E0,9.479406476E-2,2.907804867E0
6.949667000E0,-1.513052136E-1,2.851329565E0,1.094548255E-1,2.857438348E0
6.959696000E0,-1.201510876E-1,2.807958126E0,9.051801264E-2,2.811984821E0
6.970023000E0,-6.761667877E-2,2.736486912E0,3.920532763E-2,2.737602910E0
6.979808000E0,5.028031766E-2,2.660739660E0,-2.493552119E-2,2.661331515E0
6.989702000E0,1.400775015E-1,2.592322826E0,-7.930252701E-2,2.597315582E0
6.999776000E0,6.677367538E-2,2.514742851E0,-1.037371457E-1,2.517767211E0
7.009713000E0,-7.983398438E-2,2.436552286E0,-7.746993005E-2,2.439090424E0
7.019696000E0,-4.562552273E-2,2.347976685E0,-8.296771348E-2,2.349885070E0
7.029663000E0,-1.036577225E-1,2.220916748E0,-5.547878519E-2,2.224026533E0
7.039715000E0,-7.616879046E-2,2.150667191E0,-6.647436321E-2,2.153042008E0
7.049765000E0,5.089118332E-2,2.062091827E0,-8.663290739E-2,2.064538175E0
7.059676000E0,9.487348050E-2,1.955801129E0,-8.846551180E-2,1.960098258E0
7.069705000E0,-3.157562390E-2,1.869058251E0,-6.891781837E-2,1.870594941E0
7.079668000E0,-1.073229164E-1,1.818967342E0,-5.303532258E-2,1.822902396E0
7.089698000E0,-3.340822086E-2,1.770708919E0,-4.998099804E-2,1.771729179E0
7.099884000E0,5.076289643E-3,1.709622383E0,-5.364618823E-2,1.710471390E0
7.109958000E0,-4.990158230E-2,1.655866265E0,-4.753753543E-2,1.657299935E0
7.119699000E0,-1.324966736E-2,1.586227655E0,-4.814840108E-2,1.587013547E0
7.129892000E0,3.243693849E-3,1.514145494E0,-4.570493847E-2,1.514838618E0
7.139930000E0,-3.279735520E-2,1.448172092E0,-4.326147959E-2,1.449189301E0
7.149724000E0,-8.362745866E-3,1.380976915E0,-4.509407282E-2,1.381738272E0
7.160528000E0,-1.080620661E-2,1.321112156E0,-4.020715505E-2,1.321768027E0
7.169701000E0,-4.257119820E-2,1.264912486E0,-3.959628940E-2,1.266247910E0
7.179707000E0,-1.752572507E-2,1.201993346E0,-3.593109548E-2,1.202657973E0
7.189721000E0,-1.935832016E-2,1.134798169E0,-3.470936418E-2,1.135493888E0
7.199667000E0,-3.279735520E-2,1.065770388E0,-3.226590529E-2,1.066762989E0
7.209664000E0,-2.254093299E-3,9.888014793E-1,-2.860071324E-2,9.892175935E-1
7.219652000E0,-1.935832016E-2,9.112216234E-1,-2.860071324E-2,9.118758645E-1
7.230044000E0,-2.485610731E-2,8.336417079E-1,-2.615725249E-2,8.344222702E-1
7.239672000E0,7.519750856E-3,7.523966432E-1,-2.615725249E-2,7.528887415E-1
7.249620000E0,-9.584476240E-3,6.754276156E-1,-2.615725249E-2,6.760018698E-1
7.260271000E0,7.519750856E-3,5.159918070E-1,-1.332908217E-2,5.162187094E-1
7.269636000E0,-1.141707227E-2,4.371901453E-1,-1.332908217E-2,4.375422689E-1
7.280219000E0,-7.141015492E-3,3.547233343E-1,-1.088562142E-2,3.549621596E-1
7.289714000E0,1.411098172E-3,2.710347772E-1,-7.220429368E-3,2.711346091E-1
7.299612000E0,-1.019534189E-2,1.897897273E-1,-6.609564647E-3,1.901782636E-1
7.309771000E0,-1.643228112E-3,1.073229164E-1,-2.944372594E-3,1.073758721E-1
7.319701000E0,3.243693849E-3,2.546697482E-2,-1.111777499E-3,2.569677812E-2
7.329668000E0,-2.864958486E-3,-5.516723543E-2,7.208194584E-4,5.524627981E-2
7.339865000E0,5.076289643E-3,-1.358014494E-1,4.386009648E-3,1.359670529E-1
7.349649000E0,3.854559269E-3,-2.164356560E-1,6.218606606E-3,2.165592803E-1
7.359665000E0,2.021963475E-3,-2.940155566E-1,8.051201701E-3,2.941327212E-1
7.369674000E0,7.519750856E-3,-3.703737259E-1,1.049466245E-2,3.705986797E-1
7.379640000E0,1.411098172E-3,-4.436775446E-1,1.171639189E-2,4.438344608E-1
7.389696000E0,1.411098172E-3,-5.163704753E-1,1.415985450E-2,5.165665111E-1
7.399618000E0,6.298020482E-3,-5.896742940E-1,1.599245146E-2,5.899247381E-1
7.409735000E0,6.298020482E-3,-6.599237919E-1,1.782504469E-2,6.601945231E-1
7.419662000E0,6.908885203E-3,-7.307841778E-1,2.026850730E-2,7.310978454E-1
7.429678000E0,1.179580670E-2,-8.010336757E-1,2.332283184E-2,8.014599460E-1
7.439853000E0,1.546099875E-2,-8.700614572E-1,2.576629445E-2,8.705801994E-1
7.449871000E0,1.485013310E-2,-9.366457462E-1,2.637716010E-2,9.371347475E-1
7.459777000E0,9.963211603E-3,-9.965105653E-1,2.820975333E-2,9.969595591E-1
7.469832000E0,2.584570833E-2,-1.053321123E0,3.126408160E-2,1.054101908E0
7.479688000E0,2.340224758E-2,-1.102190256E0,3.187494725E-2,1.102899378E0
7.489807000E0,2.584570833E-2,-1.184657097E0,3.492927179E-2,1.185453707E0
7.499606000E0,2.462397702E-2,-1.225585103E0,3.554013744E-2,1.226347539E0
7.509902000E0,3.243693849E-3,-1.268956542E0,3.676186875E-2,1.269493073E0
7.519760000E0,8.741481230E-3,-1.315993190E0,3.920532763E-2,1.316606071E0
7.529676000E0,2.095878497E-2,-1.364862323E0,3.981619328E-2,1.365603808E0
7.540083000E0,1.423926838E-2,-1.410677314E0,4.164879024E-2,1.411363831E0
7.549740000E0,1.546099875E-2,-1.450994372E0,4.348138347E-2,1.451728054E0
7.559754000E0,3.073262982E-2,-1.489478827E0,4.225965589E-2,1.490395098E0
7.569665000E0,1.057407632E-2,-1.524909019E0,4.470311478E-2,1.525600766E0
7.579656000E0,1.179580670E-2,-1.565837026E0,4.714657739E-2,1.566591054E0
7.589781000E0,3.012176417E-2,-1.609819293E0,4.897917435E-2,1.610845876E0
7.599962000E0,1.485013310E-2,-1.655634165E0,5.325522646E-2,1.656557012E0
7.609801000E0,3.854559269E-3,-1.708779454E0,6.119647995E-2,1.709879262E0
7.619655000E0,1.118494198E-2,-1.766200781E0,7.097032666E-2,1.767661475E0
7.629669000E0,-3.401908278E-2,-1.807739615E0,8.013330400E-2,1.809834567E0
7.640669000E0,-5.234504119E-2,-1.837672114E0,8.440935612E-2,1.840354244E0
7.649650000E0,2.951089852E-2,-1.867604494E0,8.624194562E-2,1.869827562E0
7.659741000E0,1.235841438E-1,-1.909143329E0,8.318762481E-2,1.914946859E0
7.669627000E0,1.046473235E-1,-1.969008088E0,8.440935612E-2,1.973592879E0
7.679676000E0,-8.411003649E-2,-2.003827333E0,9.907011688E-2,2.008037193E0
7.689771000E0,-2.180178091E-2,-2.072244167E0,1.015135795E-1,2.074843660E0
7.699643000E0,7.288233191E-2,-2.107063532E0,1.027353108E-1,2.110825219E0
7.709737000E0,4.539339617E-2,-2.197471619E0,1.210612655E-1,2.201271884E0
7.719686000E0,-4.086689092E-3,-2.233512640E0,1.375546306E-1,2.237748129E0
7.729880000E0,-3.646254539E-2,-2.268942833E0,1.516045332E-1,2.274294403E0
7.739820000E0,-5.784282833E-2,-2.315979481E0,1.607675105E-1,2.322273227E0
7.749651000E0,-5.662109703E-2,-2.363016129E0,1.583240479E-1,2.368990856E0
7.759680000E0,-1.324966736E-2,-2.405776739E0,1.271699220E-1,2.409171945E0
7.769641000E0,7.532578707E-2,-2.444261074E0,6.974859536E-2,2.446415958E0
7.779717000E0,1.718425006E-1,-2.479080439E0,5.607740954E-3,2.485035435E0
7.789922000E0,2.292638272E-1,-2.516954184E0,-3.593109548E-2,2.527629583E0
7.799657000E0,1.254167408E-1,-2.575597048E0,4.386009648E-3,2.578652506E0
7.809808000E0,-6.395148486E-2,-2.579262257E0,1.094548255E-1,2.582375639E0
7.819846000E0,1.893676817E-4,-2.604918718E0,7.707896829E-2,2.606058851E0
7.829705000E0,2.021963475E-3,-2.603697062E0,6.974859536E-2,2.604631902E0
7.839665000E0,-2.607783861E-2,-2.614081621E0,8.929628134E-2,2.615736340E0
7.849652000E0,-2.302351221E-2,-2.641570568E0,9.784838557E-2,2.643482448E0
7.859783000E0,3.745215014E-2,-2.654398680E0,5.997474864E-2,2.655340277E0
7.869694000E0,1.321362555E-1,-2.661118269E0,-1.882686839E-2,2.664463339E0
7.879657000E0,1.486296207E-1,-2.672113895E0,-4.937013239E-2,2.676699618E0
7.890151000E0,-7.141015492E-3,-2.654398680E0,9.296147525E-2,2.656035614E0
7.899752000E0,1.301753800E-2,-2.644624949E0,9.723752737E-2,2.646443975E0
7.910649000E0,2.767830342E-2,-2.628131628E0,6.608340144E-2,2.629108016E0
7.919877000E0,9.963211603E-3,-2.598199129E0,9.723752737E-2,2.600037138E0
7.929649000E0,5.211291462E-2,-2.575597048E0,4.348138347E-2,2.576491129E0
7.939833000E0,3.243693849E-3,-2.480302095E0,8.196589351E-2,2.481658198E0
7.949599000E0,-1.935832016E-2,-2.427767754E0,6.547252834E-2,2.428727581E0
7.959656000E0,-1.569312811E-2,-2.397835493E0,4.225965589E-2,2.398259203E0
7.969690000E0,2.951089852E-2,-2.386229038E0,6.218606606E-3,2.386419617E0
7.979637000E0,3.684128448E-2,-2.374011517E0,3.065321594E-2,2.374495227E0
7.989748000E0,-2.058005147E-2,-2.329418421E0,1.491610706E-1,2.334279920E0
7.999835000E0,8.002328686E-4,-2.297653437E0,1.149526089E-1,2.300527343E0
8.009601000E0,3.256522492E-2,-2.267721176E0,4.042705894E-2,2.268315272E0
8.019604000E0,-1.324966736E-2,-2.214575768E0,1.161743402E-1,2.217660448E0
8.029615000E0,-2.485610731E-2,-2.158987045E0,1.913107783E-1,2.167589145E0
8.040172000E0,2.645657212E-2,-2.126611233E0,6.241821125E-2,2.127691547E0
8.049858000E0,5.944329873E-2,-2.104619980E0,-3.165503964E-2,2.105697226E0
8.059703000E0,5.699983612E-2,-2.081407070E0,-2.333506942E-3,2.082188709E0
8.069637000E0,6.616280973E-2,-2.057583332E0,-3.654196113E-2,2.058971102E0
8.079597000E0,2.828916907E-2,-2.017266273E0,3.309667483E-2,2.017736079E0
8.089675000E0,-7.141015492E-3,-1.960456014E0,1.613783687E-1,1.967099833E0
8.099653000E0,1.668272913E-2,-1.920749784E0,6.913772225E-2,1.922066094E0
8.109816000E0,2.095878497E-2,-1.879210949E0,4.164879024E-2,1.879789266E0
8.119572000E0,1.301753800E-2,-1.835839510E0,8.135503531E-2,1.837687352E0
8.129575000E0,1.485013310E-2,-1.793078899E0,5.936388299E-2,1.794122776E0
8.139634000E0,2.021963475E-3,-1.739322782E0,1.173960716E-1,1.743281292E0
8.149612000E0,2.021963475E-3,-1.690453529E0,1.064005047E-1,1.693799956E0
8.159929000E0,3.243693849E-3,-1.593936801E0,1.002918482E-1,1.597092202E0
8.169783000E0,8.130615577E-3,-1.538958907E0,7.158118486E-2,1.540644180E0
8.180228000E0,5.687154830E-3,-1.468709469E0,7.463552058E-2,1.470615622E0
8.189672000E0,5.076289643E-3,-1.400903463E0,6.669425964E-2,1.402499343E0
8.199647000E0,6.908885203E-3,-1.342260361E0,4.592484608E-2,1.343063550E0
8.209691000E0,7.519750856E-3,-1.291558504E0,3.187494725E-2,1.291973656E0
8.219609000E0,8.130615577E-3,-1.248187065E0,2.332283184E-2,1.248431420E0
8.229576000E0,8.741481230E-3,-1.207870007E0,2.515542880E-2,1.208163549E0
8.239680000E0,8.130615577E-3,-1.162055135E0,3.981619328E-2,1.162765485E0
8.249571000E0,7.519750856E-3,-1.110131502E0,3.798360005E-2,1.110806577E0
8.259889000E0,5.687154830E-3,-1.050266743E0,4.103792459E-2,1.051083577E0
8.270032000E0,6.298020482E-3,-9.824606776E-1,3.309667483E-2,9.830381671E-1
8.279603000E0,5.687154830E-3,-9.030481577E-1,3.309667483E-2,9.036723459E-1
8.290089000E0,5.687154830E-3,-8.083640933E-1,1.965764165E-2,8.086230729E-1
8.300099000E0,5.687154830E-3,-6.977974772E-1,1.660331339E-2,6.980181466E-1
8.309924000E0,5.076289643E-3,-5.829547644E-1,7.208194584E-4,5.829773114E-1
8.319618000E0,3.243693849E-3,-4.699447453E-1,-5.387833342E-3,4.699868232E-1
8.329707000E0,3.243693849E-3,-3.612107337E-1,6.218606606E-3,3.612788213E-1
8.339747000E0,3.243693849E-3,-2.549201846E-1,5.607740954E-3,2.550024879E-1
8.349759000E0,8.002328686E-4,-1.522948146E-1,1.099538058E-4,1.522969567E-1
8.359644000E0,1.411098172E-3,-5.272377282E-2,1.942548901E-3,5.277841334E-2
8.369840000E0,-1.032362925E-3,4.562553018E-2,3.775143996E-3,4.579308343E-2
8.379698000E0,-1.032362925E-3,1.451965719E-1,1.099538058E-4,1.452002836E-1
8.389814000E0,-2.864958486E-3,3.486146629E-1,1.331683248E-3,3.486289784E-1
8.399979000E0,-2.254093299E-3,4.530726373E-1,1.942548901E-3,4.530824088E-1
8.409831000E0,-2.864958486E-3,5.581414700E-1,-5.387833342E-3,5.581748268E-1
8.420009000E0,-4.086689092E-3,6.528255939E-1,-1.882686839E-2,6.531097979E-1
8.429797000E0,-4.697554745E-3,7.310163379E-1,-1.882686839E-2,7.312738230E-1
8.439646000E0,-3.475823672E-3,7.951571941E-1,-3.165503964E-2,7.957946257E-1
8.449720000E0,-4.086689092E-3,8.513568044E-1,-3.226590529E-2,8.519778155E-1
8.459933000E0,-4.697554745E-3,9.057238102E-1,-3.532022983E-2,9.064244072E-1
8.469663000E0,-5.308419466E-3,9.594799280E-1,-3.470936418E-2,9.601222066E-1
8.480259000E0,-6.530149840E-3,1.008349180E0,-3.654196113E-2,1.009032223E0
8.490035000E0,-6.530149840E-3,1.051720500E0,-3.409849852E-2,1.052293381E0
8.499737000E0,-8.973611519E-3,1.088983297E0,-2.982244268E-2,1.089428532E0
8.509732000E0,-1.569312811E-2,1.124413490E0,-2.127033100E-2,1.124724143E0
8.520073000E0,-1.202793792E-2,1.161676288E0,-2.921157703E-2,1.162105755E0
8.529735000E0,-2.254093299E-3,1.205658555E0,-4.509407282E-2,1.206503671E0
8.539751000E0,-2.254093299E-3,1.258193016E0,-5.303532258E-2,1.259312309E0
8.549659000E0,-5.308419466E-3,1.318668604E0,-6.769608706E-2,1.320415778E0
8.559941000E0,-6.530149840E-3,1.382198691E0,-6.097657233E-2,1.383558458E0
8.569891000E0,-4.697554745E-3,1.434733033E0,-7.502646744E-2,1.436701053E0
8.579776000E0,-1.032362925E-3,1.475050211E0,-9.701761603E-2,1.478237670E0
8.589733000E0,-1.032362925E-3,1.514145494E0,-9.701761603E-2,1.517250823E0
8.599645000E0,-4.214975052E-4,1.554462671E0,-1.074023247E-1,1.558168679E0
8.609892000E0,-3.475823672E-3,1.597223163E0,-9.213070571E-2,1.599881864E0
8.619754000E0,-1.508226432E-2,1.666861892E0,-5.853310972E-2,1.667957483E0
8.630163000E0,-1.752572507E-2,1.694961667E0,-5.242445692E-2,1.695862768E0
8.639661000E0,-1.141707227E-2,1.723672271E0,-7.380473614E-2,1.725289421E0
8.649690000E0,-4.697554745E-3,1.752993822E0,-9.457415342E-2,1.755549395E0
8.659992000E0,-1.141707227E-2,1.787202358E0,-8.724378049E-2,1.789366954E0
8.669775000E0,-3.340822086E-2,1.814080358E0,-2.737898380E-2,1.814594517E0
8.679647000E0,-6.334061921E-2,1.815302134E0,3.126408160E-2,1.816675897E0
8.689790000E0,-7.128186524E-2,1.817134738E0,5.875301734E-2,1.819481156E0
8.699826000E0,-3.279735520E-2,1.824465036E0,-2.188119479E-2,1.824890989E0
8.709899000E0,-3.475823672E-3,1.835460663E0,-1.043480039E-1,1.838427707E0
8.719868000E0,-1.080620661E-2,1.862949610E0,-8.052425832E-2,1.864720402E0
8.730181000E0,-4.086689092E-3,1.895936370E0,-8.724378049E-2,1.897947022E0
8.740239000E0,2.034792118E-2,1.923425198E0,-1.440542489E-1,1.928919427E0
8.749740000E0,-2.254093299E-3,1.946027279E0,-1.232848316E-1,1.949929845E0
8.759637000E0,-4.501465708E-2,1.972294450E0,-2.860071324E-2,1.973015387E0
8.769630000E0,-1.874745451E-2,1.992452979E0,-5.486791953E-2,1.993296473E0
8.779659000E0,3.243693849E-3,1.999172568E0,-1.214522272E-1,2.002860984E0
8.789760000E0,-4.806898534E-2,1.997339964E0,-5.914397538E-2,1.998793528E0
8.799712000E0,-9.754907340E-2,1.990009546E0,-4.142888263E-2,1.992829689E0
8.809707000E0,-9.999253601E-2,1.997950792E0,-6.586349010E-2,2.001535379E0
8.819814000E0,-4.318206385E-2,2.021774769E0,-1.012936831E-1,2.024771176E0
8.829719000E0,5.076289643E-3,2.048041821E0,-1.098457873E-1,2.050991751E0
8.839918000E0,-4.196033254E-2,2.070643902E0,-2.310292609E-2,2.071197862E0
8.849579000E0,-1.569312811E-2,2.086526394E0,-7.624819875E-2,2.087978078E0
8.860437000E0,-2.974302880E-2,2.095078468E0,-4.814840108E-2,2.095842719E0
8.869690000E0,-9.584476240E-3,2.098743677E0,-6.952868402E-2,2.099916932E0
8.879806000E0,9.352345951E-3,2.093856812E0,-9.946107864E-2,2.096238612E0
8.889873000E0,-3.951686993E-2,2.092635155E0,-4.814840108E-2,2.093561975E0
8.899648000E0,-8.594263345E-2,2.089580774E0,9.272933006E-3,2.091367958E0
8.909747000E0,-5.295590684E-2,2.071254730E0,-7.831295021E-3,2.071946383E0
8.919641000E0,-1.032362925E-3,2.043154955E0,-3.226590529E-2,2.043409975E0
8.929672000E0,-1.643228112E-3,1.994285583E0,-1.088562142E-2,1.994315969E0
8.940373000E0,-6.578408182E-2,1.937475204E0,5.325522646E-2,1.939323035E0
8.949693000E0,-1.244271398E-1,1.886773348E0,8.807455003E-2,1.892921791E0
8.959813000E0,-1.146533042E-1,1.842180133E0,3.065321594E-2,1.845999090E0
8.969669000E0,-2.180178091E-2,1.798808694E0,-5.792224407E-2,1.799873057E0
8.979682000E0,1.046473235E-1,1.748717785E0,-1.214522272E-1,1.756051137E0
8.989860000E0,2.170465291E-1,1.702902913E0,-1.629910767E-1,1.724399495E0
8.999608000E0,1.058690548E-1,1.650979400E0,-1.116783917E-1,1.658135488E0
9.009800000E0,-1.403096467E-1,1.631431699E0,4.164879024E-2,1.637983763E0
9.019635000E0,-3.340822086E-2,1.572788596E0,3.370754048E-2,1.573504457E0
9.029720000E0,1.851532422E-2,1.517810702E0,3.798360005E-2,1.518398795E0
9.039692000E0,4.539339617E-2,1.466498017E0,4.775744304E-2,1.467977441E0
9.049607000E0,6.249762326E-2,1.403578877E0,5.814215168E-2,1.406172154E0
9.059687000E0,6.555194408E-2,1.353487968E0,6.913772225E-2,1.356837044E0
9.069662000E0,5.944329873E-2,1.305840492E0,7.463552058E-2,1.309321717E0
9.079641000E0,3.928474337E-2,1.187332630E0,7.035945356E-2,1.190064082E0
9.089810000E0,1.607186347E-2,1.129300475E0,6.486167014E-2,1.131275786E0
9.099585000E0,-1.447139867E-2,1.072489977E0,5.630955473E-2,1.074064680E0
9.109769000E0,-4.257119820E-2,1.011403441E0,4.592484608E-2,1.013340180E0
9.119700000E0,-6.944927573E-2,9.478735328E-1,3.370754048E-2,9.510119002E-1
9.129749000E0,-8.777523041E-2,8.843435049E-1,1.843591034E-2,8.888800867E-1
9.139682000E0,-6.517321616E-2,8.195918202E-1,-5.998698995E-3,8.222008783E-1
9.149606000E0,9.963211603E-3,7.517857552E-1,-3.654196113E-2,7.527392657E-1
9.159831000E0,8.387790620E-2,6.864231825E-1,-5.242445692E-2,6.935132387E-1
9.169662000E0,1.022038609E-1,6.283909678E-1,-5.242445692E-2,6.388029127E-1
9.179804000E0,7.593665272E-2,5.734131336E-1,-4.203974828E-2,5.799451159E-1
9.189697000E0,1.362840272E-2,5.214895606E-1,-2.249206044E-2,5.221522651E-1
9.199757000E0,-5.539936945E-2,4.713985920E-1,-2.944372594E-3,4.746518640E-1
9.209798000E0,-7.311446220E-2,4.145881236E-1,-1.111777499E-3,4.209872597E-1
9.219665000E0,-4.806898534E-2,3.535015881E-1,-7.220429368E-3,3.568278783E-1
9.229791000E0,8.130615577E-3,2.881390154E-1,-1.393994689E-2,2.885905772E-1
9.239656000E0,4.783685878E-2,2.178895324E-1,-1.699427329E-2,2.237253198E-1
9.249599000E0,5.211291462E-2,1.500834823E-1,-1.577254385E-2,1.596545667E-1
9.259628000E0,2.706743777E-2,8.349917829E-2,-1.027475577E-2,8.837606898E-2
9.269697000E0,-2.546697296E-2,2.119091898E-2,6.218606606E-3,3.370894284E-2
9.279672000E0,-3.218648955E-2,-4.478252679E-2,1.049466245E-2,5.613895934E-2
9.289732000E0,-1.324966736E-2,-1.089233756E-1,2.553414553E-3,1.097559810E-1
9.299601000E0,1.057407632E-2,-1.687881649E-1,3.775143996E-3,1.691611876E-1
9.309887000E0,1.851532422E-2,-2.756896019E-1,1.171639189E-2,2.765589407E-1
9.319667000E0,-4.214975052E-4,-3.215045035E-1,1.843591034E-2,3.220329272E-1
9.329662000E0,-1.874745451E-2,-3.630433381E-1,1.965764165E-2,3.640581756E-1
9.339706000E0,-2.791043371E-2,-4.039713144E-1,1.904677600E-2,4.053820357E-1
9.349607000E0,-2.607783861E-2,-4.455101490E-1,1.782504469E-2,4.466285691E-1
9.359906000E0,-1.569312811E-2,-4.870489836E-1,1.721417904E-2,4.876056959E-1
9.369637000E0,-2.254093299E-3,-5.310312510E-1,1.904677600E-2,5.313775024E-1
9.379633000E0,4.465424456E-3,-5.750135183E-1,2.087937295E-2,5.754097970E-1
9.389670000E0,2.021963475E-3,-6.202175617E-1,2.210110053E-2,6.206145107E-1
9.399589000E0,-7.751881145E-3,-6.672542095E-1,2.698802575E-2,6.678447614E-1
9.409921000E0,-1.691485941E-2,-7.149016857E-1,3.370754048E-2,7.158957543E-1
9.419727000E0,-2.607783861E-2,-7.637708783E-1,4.103792459E-2,7.653170059E-1
9.429724000E0,-2.668870427E-2,-8.144727349E-1,4.348138347E-2,8.160690863E-1
9.439762000E0,-1.202793792E-2,-8.651745319E-1,3.615100309E-2,8.660130120E-1
9.449565000E0,1.240667235E-2,-9.109894037E-1,2.637716010E-2,9.114556346E-1
9.460080000E0,3.989560902E-2,-9.549717307E-1,1.721417904E-2,9.559597241E-1
9.470099000E0,6.860627234E-2,-9.989539981E-1,9.272933006E-3,1.001350038E0
9.479605000E0,9.670607746E-2,-1.045990705E0,3.775143996E-3,1.050458411E0
9.489660000E0,1.217515469E-1,-1.093027353E0,7.208194584E-4,1.099787595E0
9.499710000E0,1.217515469E-1,-1.138842225E0,1.942548901E-3,1.145333500E0
9.509663000E0,8.002328686E-4,-1.176715851E0,3.920532763E-2,1.177369055E0
9.519689000E0,-4.073860124E-2,-1.216422081E0,6.608340144E-2,1.218896767E0
9.529833000E0,3.439782187E-2,-1.300110698E0,2.576629445E-2,1.300820871E0
9.539934000E0,6.433022022E-2,-1.350201607E0,6.218606606E-3,1.351747546E0
9.549621000E0,-7.141015492E-3,-1.384410024E0,5.569868907E-2,1.385548430E0
9.559948000E0,2.279138193E-2,-1.414342403E0,4.714657739E-2,1.415311514E0
9.569619000E0,6.555194408E-2,-1.431446671E0,3.164280206E-3,1.432950328E0
9.579779000E0,-2.864958486E-3,-1.421672821E0,5.325522646E-2,1.422672815E0
9.589812000E0,-3.524081409E-2,-1.416785955E0,6.791599095E-2,1.418850570E0
9.600042000E0,-8.044485003E-2,-1.406401157E0,7.707896829E-2,1.410807130E0
9.609692000E0,-9.754907340E-2,-1.409455538E0,8.868540823E-2,1.415607939E0
9.619723000E0,-7.067099959E-2,-1.424116254E0,8.563108742E-2,1.428437670E0
9.629649000E0,8.741481230E-3,-1.449161768E0,4.531398043E-2,1.449896410E0
9.639674000E0,8.387790620E-2,-1.477872491E0,-1.027475577E-2,1.480286517E0
9.649728000E0,1.150320321E-1,-1.502307057E0,-4.631580412E-2,1.507416338E0
9.659814000E0,1.315253973E-1,-1.526130795E0,-7.013954967E-2,1.533392869E0
9.669633000E0,8.815395832E-2,-1.554841399E0,-3.654196113E-2,1.557767060E0
9.679715000E0,-6.395148486E-2,-1.543845892E0,1.155634820E-1,1.549485350E0
9.689697000E0,-4.990158230E-2,-1.552397966E0,1.161743402E-1,1.557538472E0
9.699651000E0,4.294993728E-2,-1.546289325E0,2.820975333E-2,1.547142903E0
9.709755000E0,1.272493452E-1,-1.531628609E0,-5.853310972E-2,1.538019738E0
9.719816000E0,4.783685878E-2,-1.531017661E0,-5.853310972E-2,1.532882764E0
9.729668000E0,-9.144042432E-2,-1.492533207E0,1.265590489E-1,1.500677819E0
9.740001000E0,6.298020482E-3,-1.484591961E0,4.714657739E-2,1.485353747E0
9.749677000E0,6.188675761E-2,-1.474207282E0,-2.982244268E-2,1.475807054E0
9.759987000E0,1.485013310E-2,-1.421061993E0,5.142263696E-2,1.422069619E0
9.769656000E0,5.516724288E-2,-1.399070859E0,-1.943773404E-2,1.400293012E0
9.779625000E0,5.516724288E-2,-1.361808062E0,5.508782342E-2,1.364037862E0
9.789689000E0,1.790446043E-2,-1.330653906E0,4.103792459E-2,1.331406962E0
9.799904000E0,3.195436299E-2,-1.289115071E0,-5.998698995E-3,1.289525003E0
9.810028000E0,3.854559269E-3,-1.231693745E0,2.698802575E-2,1.231995411E0
9.819672000E0,-8.973611519E-3,-1.176715851E0,2.820975333E-2,1.177088149E0
9.829589000E0,-1.019534189E-2,-1.128457546E0,7.208194584E-4,1.128503832E0
9.839677000E0,-6.530149840E-3,-1.089362144E0,-9.053025395E-3,1.089419332E0
9.849771000E0,-4.214975052E-4,-1.063705802E0,1.942548901E-3,1.063707659E0
9.860078000E0,6.298020482E-3,-1.046601534E0,2.698802575E-2,1.046968380E0
9.869791000E0,8.130615577E-3,-1.034995079E0,4.225965589E-2,1.035889376E0
9.879641000E0,8.130615577E-3,-1.026443005E0,3.431840613E-2,1.027048734E0
9.889722000E0,8.130615577E-3,-1.009949684E0,3.431840613E-2,1.010565299E0
9.899759000E0,6.908885203E-3,-9.818497896E-1,3.554013744E-2,9.825170957E-1
9.909728000E0,6.298020482E-3,-9.494739175E-1,3.309667483E-2,9.500714578E-1
9.920099000E0,3.243693849E-3,-9.122111797E-1,3.981619328E-2,9.130854764E-1
9.929637000E0,6.298020482E-3,-8.755592704E-1,3.431840613E-2,8.762542177E-1
9.939785000E0,8.741481230E-3,-8.401290774E-1,2.393369749E-2,8.405153789E-1
9.950110000E0,7.519750856E-3,-8.071423173E-1,2.332283184E-2,8.075142237E-1
9.959871000E0,5.076289643E-3,-7.759882212E-1,2.515542880E-2,7.764124443E-1
9.969750000E0,-1.643228112E-3,-7.417797446E-1,3.187494725E-2,7.424660948E-1
9.979624000E0,-1.263880264E-2,-7.032952309E-1,5.020090565E-2,7.051978815E-1
9.989650000E0,-4.214975052E-4,-6.159415245E-1,2.943148464E-2,6.166444288E-1
